batch,source_file,source_line,original_row_index,match_input,replacement_input,status,match_count,duplicate_target_within_batches
001,data/curation/rewrite_batches/firm_rewrite_batch_001_rows_0001_0031.jsonl,1,1,What is the spectral cutoff of InSb detectors?,What is the spectral cutoff of InSb detectors and why does it matter for MWIR systems?,APPLIED,1,False
001,data/curation/rewrite_batches/firm_rewrite_batch_001_rows_0001_0031.jsonl,2,2,Explain how to reduce 1/f noise in HgCdTe photoconductors.,Explain how to reduce 1/f noise in HgCdTe photoconductors and how to verify that the improvement is real.,APPLIED,1,False
001,data/curation/rewrite_batches/firm_rewrite_batch_001_rows_0001_0031.jsonl,3,3,List the key steps for Liquid Phase Epitaxy of HgCdTe.,List the key steps for Liquid Phase Epitaxy of HgCdTe and identify the variables that control wafer quality.,APPLIED,1,False
001,data/curation/rewrite_batches/firm_rewrite_batch_001_rows_0001_0031.jsonl,4,4,What is Johnson noise and how does it affect infrared detectors?,What is Johnson noise and how does it affect infrared photodetector measurements?,APPLIED,1,False
001,data/curation/rewrite_batches/firm_rewrite_batch_001_rows_0001_0031.jsonl,5,5,Compare MOCVD and LPE for HgCdTe growth.,Compare MOCVD and LPE for HgCdTe growth from a detector-engineering standpoint.,APPLIED,1,False
001,data/curation/rewrite_batches/firm_rewrite_batch_001_rows_0001_0031.jsonl,6,6,What are typical responsivity values for HgCdTe photoconductors?,How should typical responsivity values for HgCdTe photoconductors be reported without misleading the reader?,APPLIED,1,False
001,data/curation/rewrite_batches/firm_rewrite_batch_001_rows_0001_0031.jsonl,7,7,What causes generation-recombination noise in infrared detectors?,What causes generation-recombination noise in infrared detectors and how does it appear in a PSD?,APPLIED,1,False
001,data/curation/rewrite_batches/firm_rewrite_batch_001_rows_0001_0031.jsonl,8,8,Define detectivity (D*) and how it's used.,Define specific detectivity D* and explain how it should be used with voltage responsivity.,APPLIED,1,False
001,data/curation/rewrite_batches/firm_rewrite_batch_001_rows_0001_0031.jsonl,9,9,How is cutoff wavelength calculated for HgCdTe?,How is cutoff wavelength calculated for HgCdTe and what caveats matter?,APPLIED,1,False
001,data/curation/rewrite_batches/firm_rewrite_batch_001_rows_0001_0031.jsonl,10,10,How does substrate choice affect HgCdTe detector performance?,How does substrate choice affect HgCdTe detector performance?,APPLIED,1,False
001,data/curation/rewrite_batches/firm_rewrite_batch_001_rows_0001_0031.jsonl,11,11,What are the standard pixel sizes in MWIR focal plane arrays?,What are typical pixel pitches in MWIR focal plane arrays and what tradeoffs do they create?,APPLIED,1,False
001,data/curation/rewrite_batches/firm_rewrite_batch_001_rows_0001_0031.jsonl,12,12,Explain the principle of photon absorption in semiconductors.,Explain photon absorption in semiconductors for infrared detector operation.,APPLIED,1,False
001,data/curation/rewrite_batches/firm_rewrite_batch_001_rows_0001_0031.jsonl,13,13,What is the ideal operating temperature for InSb detectors?,What operating temperature is typical for InSb detectors and why?,APPLIED,1,False
001,data/curation/rewrite_batches/firm_rewrite_batch_001_rows_0001_0031.jsonl,14,14,How do choppers affect signal measurement in photoconductors?,How do optical choppers affect signal measurement in photoconductors?,APPLIED,1,False
001,data/curation/rewrite_batches/firm_rewrite_batch_001_rows_0001_0031.jsonl,15,15,List noise sources in a typical HgCdTe photoconductor.,List and classify noise sources in a typical HgCdTe photoconductor.,APPLIED,1,False
001,data/curation/rewrite_batches/firm_rewrite_batch_001_rows_0001_0031.jsonl,16,16,Describe the structure of a typical HgCdTe photoconductor.,Describe the structure and functional regions of a typical HgCdTe photoconductor.,APPLIED,1,False
001,data/curation/rewrite_batches/firm_rewrite_batch_001_rows_0001_0031.jsonl,17,17,What are common applications of MWIR sensors?,What are common applications of MWIR sensors and why does the 3-5 µm band matter?,APPLIED,1,False
001,data/curation/rewrite_batches/firm_rewrite_batch_001_rows_0001_0031.jsonl,18,18,How do carrier lifetimes affect photoconductor performance?,"How do carrier lifetimes affect HgCdTe photoconductor responsivity, bandwidth, and noise?",APPLIED,1,False
001,data/curation/rewrite_batches/firm_rewrite_batch_001_rows_0001_0031.jsonl,19,19,What is the typical composition of HgCdTe for 10 µm cutoff?,"What Cd composition is typical for HgCdTe near 10 µm cutoff, and why must the answer be caveated?",APPLIED,1,False
001,data/curation/rewrite_batches/firm_rewrite_batch_001_rows_0001_0031.jsonl,20,20,Compare photoconductive and photovoltaic IR detectors.,"Compare photoconductive and photovoltaic infrared detectors in terms of physics, bias, signal, and noise.",APPLIED,1,False
001,data/curation/rewrite_batches/firm_rewrite_batch_001_rows_0001_0031.jsonl,21,21,How does passivation improve HgCdTe detectors?,"How does passivation improve HgCdTe detectors, and what tradeoffs can occur?",APPLIED,1,False
001,data/curation/rewrite_batches/firm_rewrite_batch_001_rows_0001_0031.jsonl,22,22,What is dark current and why is it important?,What is dark current and why is it important in infrared detectors?,APPLIED,1,False
001,data/curation/rewrite_batches/firm_rewrite_batch_001_rows_0001_0031.jsonl,23,23,Describe the basic lock-in amplifier principle.,Describe the lock-in amplifier principle and the measurement caveats for infrared detector testing.,APPLIED,1,False
001,data/curation/rewrite_batches/firm_rewrite_batch_001_rows_0001_0031.jsonl,24,24,What are the atmospheric windows for IR transmission?,What are the atmospheric IR transmission windows and why are they important for detector selection?,APPLIED,1,False
001,data/curation/rewrite_batches/firm_rewrite_batch_001_rows_0001_0031.jsonl,25,25,Explain how a Stirling cooler works for IR detectors.,Explain how a Stirling cooler supports infrared detector operation and what engineering tradeoffs it introduces.,APPLIED,1,False
001,data/curation/rewrite_batches/firm_rewrite_batch_001_rows_0001_0031.jsonl,26,26,What is the primary role of a cold filter in an infrared detector system?,What is the role of a cold filter in an infrared detector system?,APPLIED,1,False
001,data/curation/rewrite_batches/firm_rewrite_batch_001_rows_0001_0031.jsonl,27,27,How does carrier mobility affect photoconductor performance?,How does carrier mobility affect HgCdTe photoconductor performance?,APPLIED,1,False
001,data/curation/rewrite_batches/firm_rewrite_batch_001_rows_0001_0031.jsonl,28,28,Explain the concept of quantum efficiency in infrared detectors.,Explain quantum efficiency in infrared detectors and why absorption alone is not enough.,APPLIED,1,False
001,data/curation/rewrite_batches/firm_rewrite_batch_001_rows_0001_0031.jsonl,29,29,What are Ohmic contacts and why are they important?,What are ohmic contacts and why are they important in infrared detectors?,APPLIED,1,False
001,data/curation/rewrite_batches/firm_rewrite_batch_001_rows_0001_0031.jsonl,30,30,List typical passivation materials used for HgCdTe.,List typical HgCdTe passivation materials and the function they serve.,APPLIED,1,False
001,data/curation/rewrite_batches/firm_rewrite_batch_001_rows_0001_0031.jsonl,31,31,How is NEP (Noise Equivalent Power) defined?,How is NEP defined for voltage-mode infrared detector measurements?,APPLIED,1,False
002,data/curation/rewrite_batches/firm_rewrite_batch_002_rows_0032_0060.jsonl,1,32,Why is LN2 commonly used in infrared detector testing?,"Why is LN2 commonly used in infrared detector testing, and what limitations does it have?",APPLIED,1,False
002,data/curation/rewrite_batches/firm_rewrite_batch_002_rows_0032_0060.jsonl,2,33,Explain the term 'modulation transfer function' (MTF).,Explain modulation transfer function (MTF) for infrared imaging systems.,APPLIED,1,False
002,data/curation/rewrite_batches/firm_rewrite_batch_002_rows_0032_0060.jsonl,3,34,What is the difference between photon noise and thermal noise?,Compare photon noise and thermal noise in infrared detector measurements.,APPLIED,1,False
002,data/curation/rewrite_batches/firm_rewrite_batch_002_rows_0032_0060.jsonl,4,35,Describe the design of a dual-band HgCdTe detector.,Describe the design principles of a dual-band HgCdTe detector.,APPLIED,1,False
002,data/curation/rewrite_batches/firm_rewrite_batch_002_rows_0032_0060.jsonl,5,36,What are the standard substrate materials used for growing HgCdTe?,What substrate materials are used for HgCdTe growth and how do they affect detector quality?,APPLIED,1,False
002,data/curation/rewrite_batches/firm_rewrite_batch_002_rows_0032_0060.jsonl,6,37,Explain the full Liquid Phase Epitaxy (LPE) process for HgCdTe growth.,Explain the full Liquid Phase Epitaxy process for HgCdTe growth with detector-relevant controls.,APPLIED,1,False
002,data/curation/rewrite_batches/firm_rewrite_batch_002_rows_0032_0060.jsonl,7,38,Why is annealing important after HgCdTe growth?,"Why is annealing important after HgCdTe growth, and why can it change electrical behavior without moving cutoff?",APPLIED,1,False
002,data/curation/rewrite_batches/firm_rewrite_batch_002_rows_0032_0060.jsonl,8,39,List common problems during MOCVD growth of HgCdTe.,List common MOCVD HgCdTe growth problems and their detector-level consequences.,APPLIED,1,False
002,data/curation/rewrite_batches/firm_rewrite_batch_002_rows_0032_0060.jsonl,9,40,How does temperature gradient affect LPE growth of HgCdTe?,How does temperature gradient affect HgCdTe LPE growth quality?,APPLIED,1,False
002,data/curation/rewrite_batches/firm_rewrite_batch_002_rows_0032_0060.jsonl,10,41,What is the role of Hg overpressure during annealing?,What is the role of Hg overpressure during HgCdTe annealing?,APPLIED,1,False
002,data/curation/rewrite_batches/firm_rewrite_batch_002_rows_0032_0060.jsonl,11,42,Describe how to clean a CdZnTe substrate before epitaxy.,Describe CdZnTe substrate cleaning before HgCdTe epitaxy and the risks of overprocessing.,APPLIED,1,False
002,data/curation/rewrite_batches/firm_rewrite_batch_002_rows_0032_0060.jsonl,12,43,What is a common ampoule design for sealed LPE growth?,What design features matter in a sealed ampoule for HgCdTe LPE or Hg-rich annealing?,APPLIED,1,False
002,data/curation/rewrite_batches/firm_rewrite_batch_002_rows_0032_0060.jsonl,13,44,How do dislocations affect detector performance?,How do dislocations affect HgCdTe detector performance?,APPLIED,1,False
002,data/curation/rewrite_batches/firm_rewrite_batch_002_rows_0032_0060.jsonl,14,45,Why is Te-purity critical in HgCdTe melt preparation?,Why is Te purity critical in HgCdTe melt preparation and detector performance?,APPLIED,1,False
002,data/curation/rewrite_batches/firm_rewrite_batch_002_rows_0032_0060.jsonl,15,46,What is 1/f noise and how does it affect IR detectors?,What is 1/f noise in infrared detectors and how should it be analyzed?,APPLIED,1,False
002,data/curation/rewrite_batches/firm_rewrite_batch_002_rows_0032_0060.jsonl,16,47,How is Johnson noise calculated for a photoconductor?,How is Johnson noise calculated for a photoconductor and converted to NEP?,APPLIED,1,False
002,data/curation/rewrite_batches/firm_rewrite_batch_002_rows_0032_0060.jsonl,17,48,What is shot noise and when does it occur?,What is shot noise and when does it matter in infrared detectors?,APPLIED,1,False
002,data/curation/rewrite_batches/firm_rewrite_batch_002_rows_0032_0060.jsonl,18,49,List methods to reduce 1/f noise in HgCdTe photoconductors.,List methods to reduce 1/f noise in HgCdTe photoconductors and how to validate them.,APPLIED,1,False
002,data/curation/rewrite_batches/firm_rewrite_batch_002_rows_0032_0060.jsonl,19,50,How is responsivity defined for a photoconductor?,"How is responsivity defined for a photoconductor, and why is the circuit part of the definition?",APPLIED,1,False
002,data/curation/rewrite_batches/firm_rewrite_batch_002_rows_0032_0060.jsonl,20,51,What is gain in photoconductors and how is it related to lifetime?,What is photoconductive gain and how is it related to carrier lifetime?,APPLIED,1,False
002,data/curation/rewrite_batches/firm_rewrite_batch_002_rows_0032_0060.jsonl,21,52,Explain generation-recombination noise.,Explain generation-recombination noise for infrared detector analysis.,APPLIED,1,False
002,data/curation/rewrite_batches/firm_rewrite_batch_002_rows_0032_0060.jsonl,22,53,How can NEP be reduced in IR detectors?,How can NEP be reduced in infrared detectors without confusing signal improvement with sensitivity improvement?,APPLIED,1,False
002,data/curation/rewrite_batches/firm_rewrite_batch_002_rows_0032_0060.jsonl,23,54,Compare Johnson noise and 1/f noise.,Compare Johnson noise and 1/f noise in HgCdTe detector measurements.,APPLIED,1,False
002,data/curation/rewrite_batches/firm_rewrite_batch_002_rows_0032_0060.jsonl,24,55,Why is responsivity wavelength-dependent?,Why is infrared detector responsivity wavelength-dependent?,APPLIED,1,False
002,data/curation/rewrite_batches/firm_rewrite_batch_002_rows_0032_0060.jsonl,25,56,What is the structural difference between photoconductive and photovoltaic IR detectors?,What is the structural difference between photoconductive and photovoltaic infrared detectors?,APPLIED,1,False
002,data/curation/rewrite_batches/firm_rewrite_batch_002_rows_0032_0060.jsonl,26,57,Explain the basic design of a planar HgCdTe photodiode.,Explain the basic design of a planar HgCdTe photodiode and its performance sensitivities.,APPLIED,1,False
002,data/curation/rewrite_batches/firm_rewrite_batch_002_rows_0032_0060.jsonl,27,58,What is a mesa structure and why is it used in IR detectors?,"What is a mesa structure in infrared detectors, and what tradeoffs does it create?",APPLIED,1,False
002,data/curation/rewrite_batches/firm_rewrite_batch_002_rows_0032_0060.jsonl,28,59,Compare the advantages of planar vs mesa designs.,Compare planar and mesa HgCdTe detector designs.,APPLIED,1,False
002,data/curation/rewrite_batches/firm_rewrite_batch_002_rows_0032_0060.jsonl,29,60,What is a dual-band IR detector and how is it constructed?,What is a dual-band infrared detector and how is it constructed?,APPLIED,1,False
003,data/curation/rewrite_batches/firm_rewrite_batch_003_rows_0061_0090.jsonl,1,61,List key challenges in building large IR FPAs.,List the key engineering challenges in building large infrared FPAs.,APPLIED,1,False
003,data/curation/rewrite_batches/firm_rewrite_batch_003_rows_0061_0090.jsonl,2,62,What is a ROIC and how does it integrate with IR detectors?,What is a ROIC and how does it integrate with infrared detector arrays?,APPLIED,1,False
003,data/curation/rewrite_batches/firm_rewrite_batch_003_rows_0061_0090.jsonl,3,63,Describe the role of an antireflection (AR) coating in IR detectors.,Describe the role of an antireflection coating in infrared detectors and how it affects responsivity.,APPLIED,1,False
003,data/curation/rewrite_batches/firm_rewrite_batch_003_rows_0061_0090.jsonl,4,64,How does pixel pitch affect IR image resolution?,"How does pixel pitch affect infrared image resolution, sensitivity, and crosstalk?",APPLIED,1,False
003,data/curation/rewrite_batches/firm_rewrite_batch_003_rows_0061_0090.jsonl,5,65,What are common contact materials for IR detector electrodes?,What contact materials are used for infrared detector electrodes and what determines whether they are good contacts?,APPLIED,1,False
003,data/curation/rewrite_batches/firm_rewrite_batch_003_rows_0061_0090.jsonl,6,66,How is responsivity measured in a lab setup for IR detectors?,How is responsivity measured in a laboratory setup for infrared detectors?,APPLIED,1,False
003,data/curation/rewrite_batches/firm_rewrite_batch_003_rows_0061_0090.jsonl,7,67,What is the standard method for measuring detectivity (D*)?,What is the correct method for determining specific detectivity D* from measured responsivity and noise?,APPLIED,1,False
003,data/curation/rewrite_batches/firm_rewrite_batch_003_rows_0061_0090.jsonl,8,68,Explain how a lock-in amplifier is used in IR detector testing.,Explain how a lock-in amplifier is used in infrared detector testing and what can go wrong.,APPLIED,1,False
003,data/curation/rewrite_batches/firm_rewrite_batch_003_rows_0061_0090.jsonl,9,69,How is the time constant of a photoconductor measured?,How is the time constant of a photoconductor measured from frequency response?,APPLIED,1,False
003,data/curation/rewrite_batches/firm_rewrite_batch_003_rows_0061_0090.jsonl,10,70,List typical parameters measured during IR detector testing.,List the key parameters measured during infrared detector characterization and why each matters.,APPLIED,1,False
003,data/curation/rewrite_batches/firm_rewrite_batch_003_rows_0061_0090.jsonl,11,71,How do you calibrate optical power for detector testing?,How do you calibrate optical power for infrared detector testing?,APPLIED,1,False
003,data/curation/rewrite_batches/firm_rewrite_batch_003_rows_0061_0090.jsonl,12,72,Why is chopper modulation used in IR measurements?,Why is chopper modulation used in infrared detector measurements?,APPLIED,1,False
003,data/curation/rewrite_batches/firm_rewrite_batch_003_rows_0061_0090.jsonl,13,73,Describe how to measure spectral response of an IR detector.,Describe how to measure the spectral response of an infrared detector.,APPLIED,1,False
003,data/curation/rewrite_batches/firm_rewrite_batch_003_rows_0061_0090.jsonl,14,74,How can you determine carrier lifetime in a photoconductor?,"How can carrier lifetime be determined in a photoconductor, and why is the result often an effective lifetime?",APPLIED,1,False
003,data/curation/rewrite_batches/firm_rewrite_batch_003_rows_0061_0090.jsonl,15,75,What instrument is typically used to measure µV-level noise?,"What instrumentation is used to measure microvolt-level infrared detector noise, and what controls are required?",APPLIED,1,False
003,data/curation/rewrite_batches/firm_rewrite_batch_003_rows_0061_0090.jsonl,16,76,What are the main application sectors for infrared detectors?,What are the main application sectors for infrared detectors and what detector metrics matter in each?,APPLIED,1,False
003,data/curation/rewrite_batches/firm_rewrite_batch_003_rows_0061_0090.jsonl,17,77,What is the typical detector lifetime for cooled IR sensors?,What determines the operational lifetime of cooled infrared detector systems?,APPLIED,1,False
003,data/curation/rewrite_batches/firm_rewrite_batch_003_rows_0061_0090.jsonl,18,78,What are common failure modes in HgCdTe detectors?,What are common failure modes in HgCdTe detectors and how are they diagnosed?,APPLIED,1,False
003,data/curation/rewrite_batches/firm_rewrite_batch_003_rows_0061_0090.jsonl,19,79,List major global manufacturers of infrared detectors.,How should FIRM discuss major infrared detector manufacturers without overclaiming current market status?,APPLIED,1,False
003,data/curation/rewrite_batches/firm_rewrite_batch_003_rows_0061_0090.jsonl,20,80,What are common environmental requirements for IR detector packaging?,What environmental requirements matter for infrared detector packaging?,APPLIED,1,False
003,data/curation/rewrite_batches/firm_rewrite_batch_003_rows_0061_0090.jsonl,21,81,What certifications are relevant for IR sensors in aerospace or defense?,What standards and compliance issues can matter for infrared sensors in aerospace or defense?,APPLIED,1,False
003,data/curation/rewrite_batches/firm_rewrite_batch_003_rows_0061_0090.jsonl,22,82,What is a typical cost driver for cooled IR systems?,What are the main cost drivers for cooled infrared systems?,APPLIED,1,False
003,data/curation/rewrite_batches/firm_rewrite_batch_003_rows_0061_0090.jsonl,23,83,What is the advantage of uncooled microbolometers vs HgCdTe detectors?,Compare uncooled microbolometers with cooled HgCdTe detectors.,APPLIED,1,False
003,data/curation/rewrite_batches/firm_rewrite_batch_003_rows_0061_0090.jsonl,24,84,How are yield issues managed in IR detector fabs?,How are yield issues managed in infrared detector fabrication?,APPLIED,1,False
003,data/curation/rewrite_batches/firm_rewrite_batch_003_rows_0061_0090.jsonl,25,85,List best practices for IR detector handling in a cleanroom.,List best practices for handling infrared detectors in a cleanroom and why they matter.,APPLIED,1,False
003,data/curation/rewrite_batches/firm_rewrite_batch_003_rows_0061_0090.jsonl,26,86,Derive the bandgap energy for HgCdTe as a function of Cd composition at 77 K.,"Derive or use an empirical HgCdTe bandgap relation versus Cd composition at 77 K, and state its limitations.",APPLIED,1,False
003,data/curation/rewrite_batches/firm_rewrite_batch_003_rows_0061_0090.jsonl,27,87,Explain how photon flux is related to blackbody radiation.,Explain how photon flux is related to blackbody radiation for infrared detector calibration.,APPLIED,1,False
003,data/curation/rewrite_batches/firm_rewrite_batch_003_rows_0061_0090.jsonl,28,88,What is the relationship between cutoff wavelength and bandgap energy?,What is the relationship between cutoff wavelength and bandgap energy in infrared detectors?,APPLIED,1,False
003,data/curation/rewrite_batches/firm_rewrite_batch_003_rows_0061_0090.jsonl,29,89,Derive the expression for photoconductive gain.,Derive the expression for photoconductive gain and state when it fails.,APPLIED,1,False
003,data/curation/rewrite_batches/firm_rewrite_batch_003_rows_0061_0090.jsonl,30,90,How is thermal noise power related to bandwidth and temperature?,"How is thermal noise power related to bandwidth and temperature, and how is this different from detector voltage noise?",APPLIED,1,False
004,data/curation/rewrite_batches/firm_rewrite_batch_004_rows_0091_0120.jsonl,1,91,Explain how absorption coefficient varies with wavelength in HgCdTe.,Explain how the absorption coefficient varies with wavelength in HgCdTe and why near-cutoff behavior matters.,APPLIED,1,False
004,data/curation/rewrite_batches/firm_rewrite_batch_004_rows_0091_0120.jsonl,2,92,How is responsivity of a photodiode modeled theoretically?,"How is photodiode responsivity modeled theoretically, and what real-device corrections matter?",APPLIED,1,False
004,data/curation/rewrite_batches/firm_rewrite_batch_004_rows_0091_0120.jsonl,3,93,What are the key equations used in modeling dark current?,What equations and mechanisms are used to model dark current in infrared detectors?,APPLIED,1,False
004,data/curation/rewrite_batches/firm_rewrite_batch_004_rows_0091_0120.jsonl,4,94,Explain the principle of noise spectral density.,Explain noise spectral density and how it should be used in infrared detector analysis.,APPLIED,1,False
004,data/curation/rewrite_batches/firm_rewrite_batch_004_rows_0091_0120.jsonl,5,95,How does the responsivity spectrum of HgCdTe change with temperature?,How does the HgCdTe responsivity spectrum change with temperature?,APPLIED,1,False
004,data/curation/rewrite_batches/firm_rewrite_batch_004_rows_0091_0120.jsonl,6,96,What is the maximum theoretical photoconductive gain in HgCdTe at 77 K?,"How should theoretical photoconductive gain in HgCdTe be estimated, and why is a single maximum misleading?",APPLIED,1,False
004,data/curation/rewrite_batches/firm_rewrite_batch_004_rows_0091_0120.jsonl,7,97,List precise fabrication tolerances that influence D* in HgCdTe photoconductors.,List fabrication variables that influence D* in HgCdTe photoconductors and explain why exact tolerances are process-specific.,APPLIED,1,False
004,data/curation/rewrite_batches/firm_rewrite_batch_004_rows_0091_0120.jsonl,8,98,Why does responsivity degrade above 200 K in MWIR HgCdTe photoconductors?,Why can responsivity and detectivity degrade as MWIR HgCdTe photoconductors operate at higher temperature?,APPLIED,1,False
004,data/curation/rewrite_batches/firm_rewrite_batch_004_rows_0091_0120.jsonl,9,99,What is the expected 1/f noise corner frequency in passivated HgCdTe at 77 K?,How should the 1/f noise corner frequency in passivated HgCdTe be reported?,APPLIED,1,False
004,data/curation/rewrite_batches/firm_rewrite_batch_004_rows_0091_0120.jsonl,10,100,Explain how AR coating thickness is optimized for LWIR detectors.,Explain how antireflection coating thickness is optimized for LWIR detectors.,APPLIED,1,False
004,data/curation/rewrite_batches/firm_rewrite_batch_004_rows_0091_0120.jsonl,11,101,What is the role of Cd overpressure during post-growth annealing?,"What is the role of Cd overpressure during post-growth annealing of HgCdTe, and how does it differ from Hg overpressure?",APPLIED,1,False
004,data/curation/rewrite_batches/firm_rewrite_batch_004_rows_0091_0120.jsonl,12,102,What is the primary origin of generation-recombination noise in mid-wavelength HgCdTe?,"What are plausible origins of generation-recombination noise in MWIR HgCdTe, and how should they be identified?",APPLIED,1,False
004,data/curation/rewrite_batches/firm_rewrite_batch_004_rows_0091_0120.jsonl,13,103,State the ideal detector dimensions for minimizing transit time in a high-gain photoconductor.,How should detector dimensions be chosen to reduce transit time in a photoconductor without creating new failure modes?,APPLIED,1,False
004,data/curation/rewrite_batches/firm_rewrite_batch_004_rows_0091_0120.jsonl,14,104,How does contact resistivity impact Johnson noise?,How does contact resistance affect Johnson noise and measured detector noise?,APPLIED,1,False
004,data/curation/rewrite_batches/firm_rewrite_batch_004_rows_0091_0120.jsonl,15,105,List the fundamental causes of nonuniformity in HgCdTe FPAs.,List the fundamental causes of nonuniformity in HgCdTe FPAs and how they appear in data.,APPLIED,1,False
004,data/curation/rewrite_batches/firm_rewrite_batch_004_rows_0091_0120.jsonl,16,106,What are the conditions required to minimize Auger recombination in LWIR HgCdTe?,"What conditions reduce Auger recombination in LWIR HgCdTe, and what tradeoffs are involved?",APPLIED,1,False
004,data/curation/rewrite_batches/firm_rewrite_batch_004_rows_0091_0120.jsonl,17,107,What spectral resolution is required to distinguish CO₂ absorption in the 4.3 µm band?,"What spectral resolution is needed for CO2 absorption near 4.3 micrometers, and what determines the requirement?",APPLIED,1,False
004,data/curation/rewrite_batches/firm_rewrite_batch_004_rows_0091_0120.jsonl,18,108,Derive the expression for Johnson noise current in a resistive detector.,Derive Johnson noise current for a resistive detector and state when to use current versus voltage form.,APPLIED,1,False
004,data/curation/rewrite_batches/firm_rewrite_batch_004_rows_0091_0120.jsonl,19,109,What is the typical detectivity D* for a high-performance HgCdTe photodiode at 77 K?,How should typical D* values for high-performance HgCdTe photodiodes at 77 K be discussed?,APPLIED,1,False
004,data/curation/rewrite_batches/firm_rewrite_batch_004_rows_0091_0120.jsonl,20,110,Explain how compositional grading is used to reduce surface recombination in HgCdTe.,Explain how compositional grading can reduce surface recombination in HgCdTe devices.,APPLIED,1,False
004,data/curation/rewrite_batches/firm_rewrite_batch_004_rows_0091_0120.jsonl,21,111,What is the primary material constraint for growing HgCdTe on GaAs substrates?,What material constraints matter when growing HgCdTe on GaAs substrates?,APPLIED,1,False
004,data/curation/rewrite_batches/firm_rewrite_batch_004_rows_0091_0120.jsonl,22,112,What determines the absorption depth for IR light in HgCdTe?,What determines absorption depth for infrared light in HgCdTe?,APPLIED,1,False
004,data/curation/rewrite_batches/firm_rewrite_batch_004_rows_0091_0120.jsonl,23,113,What are the limits of operation temperature for uncooled microbolometers?,What limits operating temperature range in uncooled microbolometers?,APPLIED,1,False
004,data/curation/rewrite_batches/firm_rewrite_batch_004_rows_0091_0120.jsonl,24,114,How is pixel operability defined in IR focal plane arrays?,How is pixel operability defined in infrared focal plane arrays?,APPLIED,1,False
004,data/curation/rewrite_batches/firm_rewrite_batch_004_rows_0091_0120.jsonl,25,115,List key tradeoffs in designing dual-band HgCdTe detectors.,List key tradeoffs in designing dual-band HgCdTe detectors.,APPLIED,1,False
004,data/curation/rewrite_batches/firm_rewrite_batch_004_rows_0091_0120.jsonl,26,116,What limits the maximum bias voltage in HgCdTe photoconductors?,What limits maximum bias voltage in HgCdTe photoconductors?,APPLIED,1,False
004,data/curation/rewrite_batches/firm_rewrite_batch_004_rows_0091_0120.jsonl,27,117,Explain the role of the cold finger in LN₂-cooled detector systems.,Explain the role of the cold finger in LN2-cooled infrared detector systems.,APPLIED,1,False
004,data/curation/rewrite_batches/firm_rewrite_batch_004_rows_0091_0120.jsonl,28,118,What is the ideal value of sheet resistance for IR detector layers?,How should sheet resistance targets be chosen for infrared detector layers?,APPLIED,1,False
004,data/curation/rewrite_batches/firm_rewrite_batch_004_rows_0091_0120.jsonl,29,119,List causes of increased noise after passivation of HgCdTe detectors.,List causes of increased noise after HgCdTe passivation and how to diagnose them.,APPLIED,1,False
004,data/curation/rewrite_batches/firm_rewrite_batch_004_rows_0091_0120.jsonl,30,120,What is the optimal detector thickness for complete absorption at 10 µm in HgCdTe?,How should detector thickness be chosen for absorption near 10 micrometers in HgCdTe?,APPLIED,1,False
005,data/curation/rewrite_batches/firm_rewrite_batch_005_rows_0121_0150.jsonl,1,121,Why is uniform chalcogen stoichiometry critical in HgCdTe?,Why is uniform chalcogen stoichiometry critical in HgCdTe material and detector performance?,APPLIED,1,False
005,data/curation/rewrite_batches/firm_rewrite_batch_005_rows_0121_0150.jsonl,2,122,What are the thermal mass constraints for fast detector cooling cycles?,What thermal-mass constraints matter for fast cooling of infrared detector modules?,APPLIED,1,False
005,data/curation/rewrite_batches/firm_rewrite_batch_005_rows_0121_0150.jsonl,3,123,Explain how interconnect parasitics affect high-speed IR detector arrays.,Explain how interconnect parasitics affect high-speed infrared detector arrays.,APPLIED,1,False
005,data/curation/rewrite_batches/firm_rewrite_batch_005_rows_0121_0150.jsonl,4,124,What is the effect of doping on minority carrier diffusion length?,What is the effect of doping on minority-carrier diffusion length in narrow-gap infrared semiconductors?,APPLIED,1,False
005,data/curation/rewrite_batches/firm_rewrite_batch_005_rows_0121_0150.jsonl,5,125,List advantages of substrate thinning in back-illuminated IR detectors.,List advantages and risks of substrate thinning in back-illuminated infrared detectors.,APPLIED,1,False
005,data/curation/rewrite_batches/firm_rewrite_batch_005_rows_0121_0150.jsonl,6,126,What is the typical surface recombination velocity for unpassivated HgCdTe?,How should surface recombination velocity for unpassivated HgCdTe be discussed?,APPLIED,1,False
005,data/curation/rewrite_batches/firm_rewrite_batch_005_rows_0121_0150.jsonl,7,127,Explain how low-frequency noise can be extracted from IR detectors.,Explain how low-frequency noise should be extracted from infrared detectors.,APPLIED,1,False
005,data/curation/rewrite_batches/firm_rewrite_batch_005_rows_0121_0150.jsonl,8,128,Why does Te-rich melt result in lower material quality during LPE of HgCdTe?,Why can Te-rich melt conditions reduce material quality during HgCdTe LPE?,APPLIED,1,False
005,data/curation/rewrite_batches/firm_rewrite_batch_005_rows_0121_0150.jsonl,9,129,What determines the Nyquist limit in infrared imaging systems?,What determines the Nyquist limit in infrared imaging systems?,APPLIED,1,False
005,data/curation/rewrite_batches/firm_rewrite_batch_005_rows_0121_0150.jsonl,10,130,What is the purpose of a guard ring in HgCdTe photodiodes?,What is the purpose of a guard ring in HgCdTe photodiodes?,APPLIED,1,False
005,data/curation/rewrite_batches/firm_rewrite_batch_005_rows_0121_0150.jsonl,11,131,What is the breakdown field strength in high-purity HgCdTe at 77 K?,How should breakdown field strength in HgCdTe be discussed?,APPLIED,1,False
005,data/curation/rewrite_batches/firm_rewrite_batch_005_rows_0121_0150.jsonl,12,132,Describe the behavior of diffusion length vs temperature in narrow-gap semiconductors.,Describe how minority-carrier diffusion length varies with temperature in narrow-gap semiconductors.,APPLIED,1,False
005,data/curation/rewrite_batches/firm_rewrite_batch_005_rows_0121_0150.jsonl,13,133,How is thermal response time measured in a microbolometer?,How is thermal response time measured in a microbolometer?,APPLIED,1,False
005,data/curation/rewrite_batches/firm_rewrite_batch_005_rows_0121_0150.jsonl,14,134,List the primary sources of emissivity error in radiometric IR systems.,List the primary sources of emissivity error in radiometric infrared systems.,APPLIED,1,False
005,data/curation/rewrite_batches/firm_rewrite_batch_005_rows_0121_0150.jsonl,15,135,Why does bias reversal reduce 1/f noise in photoconductors?,Why can bias reversal or bias modulation reduce low-frequency noise in photoconductors?,APPLIED,1,False
005,data/curation/rewrite_batches/firm_rewrite_batch_005_rows_0121_0150.jsonl,16,136,How do Hg vacancies affect LPE-grown HgCdTe photoconductors?,How do Hg vacancies affect LPE-grown HgCdTe photoconductors?,APPLIED,1,False
005,data/curation/rewrite_batches/firm_rewrite_batch_005_rows_0121_0150.jsonl,17,137,What role do dislocations play in LPE HgCdTe photoconductors?,What role do dislocations play in LPE HgCdTe photoconductors?,APPLIED,1,False
005,data/curation/rewrite_batches/firm_rewrite_batch_005_rows_0121_0150.jsonl,18,138,Why is dual-layer passivation used in HgCdTe photoconductors?,Why is dual-layer passivation used in HgCdTe photoconductors?,APPLIED,1,False
005,data/curation/rewrite_batches/firm_rewrite_batch_005_rows_0121_0150.jsonl,19,139,How does Hg-rich annealing improve LPE HgCdTe?,"How can Hg-rich annealing improve LPE HgCdTe, and what measurements should confirm it?",APPLIED,1,False
005,data/curation/rewrite_batches/firm_rewrite_batch_005_rows_0121_0150.jsonl,20,140,What happens with poor stoichiometry in LPE HgCdTe growth?,What happens when stoichiometry is poorly controlled in LPE HgCdTe growth?,APPLIED,1,False
005,data/curation/rewrite_batches/firm_rewrite_batch_005_rows_0121_0150.jsonl,21,141,Why is uniformity critical in LPE HgCdTe photoconductors?,Why is uniformity critical in LPE HgCdTe photoconductors?,APPLIED,1,False
005,data/curation/rewrite_batches/firm_rewrite_batch_005_rows_0121_0150.jsonl,22,142,How is low-resistance ohmic contact achieved on HgCdTe?,"How is low-resistance ohmic contact achieved on HgCdTe, and how should it be verified?",APPLIED,1,False
005,data/curation/rewrite_batches/firm_rewrite_batch_005_rows_0121_0150.jsonl,23,143,What failures arise from thermal cycling in IR modules?,What failures arise from thermal cycling in infrared detector modules?,APPLIED,1,False
005,data/curation/rewrite_batches/firm_rewrite_batch_005_rows_0121_0150.jsonl,24,144,How do second-phase inclusions affect HgCdTe photoconductors?,How do second-phase inclusions affect HgCdTe photoconductors?,APPLIED,1,False
005,data/curation/rewrite_batches/firm_rewrite_batch_005_rows_0121_0150.jsonl,25,145,"What causes hillocks, terracing, or ripples in LPE HgCdTe?","What causes hillocks, terracing, or ripples in LPE HgCdTe, and why do they matter?",APPLIED,1,False
005,data/curation/rewrite_batches/firm_rewrite_batch_005_rows_0121_0150.jsonl,26,146,Why are Te-rich LPE melts avoided in HgCdTe growth?,Why are Te-rich LPE melts often avoided in HgCdTe growth?,APPLIED,1,False
005,data/curation/rewrite_batches/firm_rewrite_batch_005_rows_0121_0150.jsonl,27,147,How does passivation plasma damage degrade IR detector performance?,How can plasma damage during passivation degrade infrared detector performance?,APPLIED,1,False
005,data/curation/rewrite_batches/firm_rewrite_batch_005_rows_0121_0150.jsonl,28,148,What defines optimal anneal conditions for HgCdTe vacancy removal?,What defines optimal anneal conditions for HgCdTe vacancy control?,APPLIED,1,False
005,data/curation/rewrite_batches/firm_rewrite_batch_005_rows_0121_0150.jsonl,29,149,How do Te inclusions impact HgCdTe photoconductors?,How do Te inclusions impact HgCdTe photoconductors?,APPLIED,1,False
005,data/curation/rewrite_batches/firm_rewrite_batch_005_rows_0121_0150.jsonl,30,150,Why is etch depth control critical in defining HgCdTe active regions?,Why is etch-depth control critical when defining HgCdTe active regions?,APPLIED,1,False
006,data/curation/rewrite_batches/firm_rewrite_batch_006_rows_0151_0180.jsonl,1,151,How do CdZnTe substrate defects propagate into HgCdTe layers?,How do CdZnTe substrate defects propagate into HgCdTe epitaxial layers?,APPLIED,1,False
006,data/curation/rewrite_batches/firm_rewrite_batch_006_rows_0151_0180.jsonl,2,152,What is the typical cutoff shift per Δx in Hg₁₋ₓCdₓTe?,How should cutoff shift with Cd composition change in HgCdTe be estimated?,APPLIED,1,False
006,data/curation/rewrite_batches/firm_rewrite_batch_006_rows_0151_0180.jsonl,3,153,What failure mode arises from indium bump fatigue?,What failure modes arise from indium bump fatigue in infrared FPAs?,APPLIED,1,False
006,data/curation/rewrite_batches/firm_rewrite_batch_006_rows_0151_0180.jsonl,4,154,How does oxide regrowth between etch and metallization affect contacts?,How does oxide regrowth between etch and metallization affect HgCdTe contacts?,APPLIED,1,False
006,data/curation/rewrite_batches/firm_rewrite_batch_006_rows_0151_0180.jsonl,5,155,Why is low-dislocation-density CdZnTe critical for LWIR HgCdTe?,Why is low-dislocation-density CdZnTe critical for LWIR HgCdTe detectors?,APPLIED,1,False
006,data/curation/rewrite_batches/firm_rewrite_batch_006_rows_0151_0180.jsonl,6,156,What causes 1/f noise in HgCdTe photoconductors?,What causes 1/f noise in HgCdTe photoconductors?,APPLIED,1,False
006,data/curation/rewrite_batches/firm_rewrite_batch_006_rows_0151_0180.jsonl,7,157,How is G-R noise generated in HgCdTe photoconductors?,How is generation-recombination noise generated in HgCdTe photoconductors?,APPLIED,1,False
006,data/curation/rewrite_batches/firm_rewrite_batch_006_rows_0151_0180.jsonl,8,158,What is the role of Johnson noise in HgCdTe detectors?,What is the role of Johnson noise in HgCdTe detector measurements?,APPLIED,1,False
006,data/curation/rewrite_batches/firm_rewrite_batch_006_rows_0151_0180.jsonl,9,159,How do poor contacts increase noise in HgCdTe photoconductors?,How do poor contacts increase noise in HgCdTe photoconductors?,APPLIED,1,False
006,data/curation/rewrite_batches/firm_rewrite_batch_006_rows_0151_0180.jsonl,10,160,How does bias current affect responsivity and noise?,"How does bias current affect responsivity, noise, NEP, and D* in a photoconductor?",APPLIED,1,False
006,data/curation/rewrite_batches/firm_rewrite_batch_006_rows_0151_0180.jsonl,11,161,What is the typical 1/f knee frequency in HgCdTe photoconductors?,How should the 1/f knee frequency in HgCdTe photoconductors be reported?,APPLIED,1,False
006,data/curation/rewrite_batches/firm_rewrite_batch_006_rows_0151_0180.jsonl,12,162,How does bias reversal reduce noise in photoconductors?,How can bias reversal reduce apparent low-frequency noise in photoconductors?,APPLIED,1,False
006,data/curation/rewrite_batches/firm_rewrite_batch_006_rows_0151_0180.jsonl,13,163,How does passivation reduce noise in HgCdTe detectors?,How does passivation reduce noise in HgCdTe detectors?,APPLIED,1,False
006,data/curation/rewrite_batches/firm_rewrite_batch_006_rows_0151_0180.jsonl,14,164,How do ohmic contact treatments reduce noise?,How do ohmic contact treatments reduce noise in HgCdTe detectors?,APPLIED,1,False
006,data/curation/rewrite_batches/firm_rewrite_batch_006_rows_0151_0180.jsonl,15,165,How does detector area affect noise in HgCdTe photoconductors?,"How does detector area affect noise, signal, NEP, and D* in HgCdTe photoconductors?",APPLIED,1,False
006,data/curation/rewrite_batches/firm_rewrite_batch_006_rows_0151_0180.jsonl,16,166,What is the utility in using V/W vs A/W and vice versa for responsivity?,When should responsivity be reported in V/W versus A/W for infrared detectors?,APPLIED,1,False
006,data/curation/rewrite_batches/firm_rewrite_batch_006_rows_0151_0180.jsonl,17,167,What is D**?,What is specific detectivity D* and why is the notation sometimes confused?,APPLIED,1,False
006,data/curation/rewrite_batches/firm_rewrite_batch_006_rows_0151_0180.jsonl,18,168,Why does channeling occur in transmission spectra of HgCdTe?,Why does channeling occur in HgCdTe transmission spectra and how should it be handled?,APPLIED,1,False
006,data/curation/rewrite_batches/firm_rewrite_batch_006_rows_0151_0180.jsonl,19,169,Why is Hg vapor pressure critical during LPE and annealing of HgCdTe?,Why is Hg vapor pressure critical during LPE and annealing of HgCdTe?,APPLIED,1,False
006,data/curation/rewrite_batches/firm_rewrite_batch_006_rows_0151_0180.jsonl,20,170,What is carrier lifetime and how does it relate to response time?,What is carrier lifetime and how does it relate to response time in infrared photodetectors?,APPLIED,1,False
006,data/curation/rewrite_batches/firm_rewrite_batch_006_rows_0151_0180.jsonl,21,171,Explain the -3 dB point and its relation to bandwidth and FWHM.,Explain the -3 dB point and distinguish bandwidth from FWHM.,APPLIED,1,False
006,data/curation/rewrite_batches/firm_rewrite_batch_006_rows_0151_0180.jsonl,22,172,How does phase-sensitive detection work in photoconductor measurements?,How does phase-sensitive detection work in photoconductor measurements?,APPLIED,1,False
006,data/curation/rewrite_batches/firm_rewrite_batch_006_rows_0151_0180.jsonl,23,173,What are the Seebeck and thermoelectric effects?,"What are the Seebeck and thermoelectric effects, and how can they matter in infrared measurements?",APPLIED,1,False
006,data/curation/rewrite_batches/firm_rewrite_batch_006_rows_0151_0180.jsonl,24,174,How can statistical methods help control an LPE system?,How can statistical methods help control an HgCdTe LPE growth system?,APPLIED,1,False
006,data/curation/rewrite_batches/firm_rewrite_batch_006_rows_0151_0180.jsonl,25,175,How is waveform factor calculated when estimating blackbody chopper flux?,How should waveform factor be handled when estimating chopped blackbody flux?,APPLIED,1,False
006,data/curation/rewrite_batches/firm_rewrite_batch_006_rows_0151_0180.jsonl,26,176,"What are definitions of radiant power, intensity, irradiance, exitance, and radiance?","Define radiant power, radiant intensity, irradiance, exitance, and radiance for infrared detector calibration.",APPLIED,1,False
006,data/curation/rewrite_batches/firm_rewrite_batch_006_rows_0151_0180.jsonl,27,177,Is resistance in HgCdTe isotropic?,Is electrical resistance in HgCdTe isotropic?,APPLIED,1,False
006,data/curation/rewrite_batches/firm_rewrite_batch_006_rows_0151_0180.jsonl,28,178,What passivation layers are recommended for HgCdTe photoconductors?,What passivation layers are used for HgCdTe photoconductors and how should they be selected?,APPLIED,1,False
006,data/curation/rewrite_batches/firm_rewrite_batch_006_rows_0151_0180.jsonl,29,179,What is the purpose of anti-reflection coatings on HgCdTe detectors?,What is the purpose of anti-reflection coatings on HgCdTe detectors?,APPLIED,1,False
006,data/curation/rewrite_batches/firm_rewrite_batch_006_rows_0151_0180.jsonl,30,180,What is radiance and how is it used in IR calibration?,What is radiance and how is it used in infrared detector calibration?,APPLIED,1,False
007,data/curation/rewrite_batches/firm_rewrite_batch_007_rows_0181_0210.jsonl,1,181,How is total noise calculated in IR detector systems?,How is total noise calculated in infrared detector systems?,APPLIED,1,False
007,data/curation/rewrite_batches/firm_rewrite_batch_007_rows_0181_0210.jsonl,2,182,What factors influence 1/f knee frequency?,What factors influence the 1/f knee frequency in infrared detector noise spectra?,APPLIED,1,False
007,data/curation/rewrite_batches/firm_rewrite_batch_007_rows_0181_0210.jsonl,3,183,How does temperature affect Johnson and G-R noise?,How does temperature affect Johnson noise and generation-recombination noise in infrared detectors?,APPLIED,1,False
007,data/curation/rewrite_batches/firm_rewrite_batch_007_rows_0181_0210.jsonl,4,184,How is spectral noise density measured?,How is spectral noise density measured for infrared detectors?,APPLIED,1,False
007,data/curation/rewrite_batches/firm_rewrite_batch_007_rows_0181_0210.jsonl,5,185,Why does device area affect Johnson but not 1/f noise?,How does device area affect Johnson noise and 1/f noise in infrared detectors?,APPLIED,1,False
007,data/curation/rewrite_batches/firm_rewrite_batch_007_rows_0181_0210.jsonl,6,186,What is the role of chopping frequency in noise suppression?,What is the role of chopping frequency in infrared detector noise suppression?,APPLIED,1,False
007,data/curation/rewrite_batches/firm_rewrite_batch_007_rows_0181_0210.jsonl,7,187,What is the relationship between time constant and bandwidth?,What is the relationship between time constant and bandwidth in detector measurements?,APPLIED,1,False
007,data/curation/rewrite_batches/firm_rewrite_batch_007_rows_0181_0210.jsonl,8,188,What is the difference between irradiance and radiance?,What is the difference between irradiance and radiance in infrared calibration?,APPLIED,1,False
007,data/curation/rewrite_batches/firm_rewrite_batch_007_rows_0181_0210.jsonl,9,189,What is a field stop and how does it affect radiometric flux?,What is a field stop and how does it affect radiometric flux in infrared measurements?,APPLIED,1,False
007,data/curation/rewrite_batches/firm_rewrite_batch_007_rows_0181_0210.jsonl,10,190,How is radiant flux from a blackbody source calculated?,How is radiant flux from a blackbody source calculated for detector calibration?,APPLIED,1,False
007,data/curation/rewrite_batches/firm_rewrite_batch_007_rows_0181_0210.jsonl,11,191,What is the role of emissivity in radiometric calibration?,What is the role of emissivity in infrared radiometric calibration?,APPLIED,1,False
007,data/curation/rewrite_batches/firm_rewrite_batch_007_rows_0181_0210.jsonl,12,192,How does chopper frequency affect blackbody flux detection?,How does chopper frequency affect blackbody flux detection in infrared measurements?,APPLIED,1,False
007,data/curation/rewrite_batches/firm_rewrite_batch_007_rows_0181_0210.jsonl,13,193,What is the view factor in radiometric setups?,What is the view factor in radiometric setups and when is solid angle a better description?,APPLIED,1,False
007,data/curation/rewrite_batches/firm_rewrite_batch_007_rows_0181_0210.jsonl,14,194,Why is solid angle important in radiometric measurements?,Why is solid angle important in infrared radiometric measurements?,APPLIED,1,False
007,data/curation/rewrite_batches/firm_rewrite_batch_007_rows_0181_0210.jsonl,15,195,How does aperture size affect detector irradiance?,How does aperture size affect detector signal and irradiance in infrared optical systems?,APPLIED,1,False
007,data/curation/rewrite_batches/firm_rewrite_batch_007_rows_0181_0210.jsonl,16,196,What are typical radiometric units used for IR detector calibration?,What radiometric units are used for infrared detector calibration?,APPLIED,1,False
007,data/curation/rewrite_batches/firm_rewrite_batch_007_rows_0181_0210.jsonl,17,197,How is ambient background flux estimated in IR systems?,How is ambient background flux estimated in infrared detector systems?,APPLIED,1,False
007,data/curation/rewrite_batches/firm_rewrite_batch_007_rows_0181_0210.jsonl,18,198,Why is surface chemistry important in HgCdTe processing?,Why is surface chemistry important in HgCdTe processing?,APPLIED,1,False
007,data/curation/rewrite_batches/firm_rewrite_batch_007_rows_0181_0210.jsonl,19,199,What are common surface treatments before passivation?,"What surface treatments are used before HgCdTe passivation, and what cautions matter?",APPLIED,1,False
007,data/curation/rewrite_batches/firm_rewrite_batch_007_rows_0181_0210.jsonl,20,200,What is the impact of poor passivation on IR detectors?,What is the impact of poor passivation on infrared detectors?,APPLIED,1,False
007,data/curation/rewrite_batches/firm_rewrite_batch_007_rows_0181_0210.jsonl,21,201,How does CdTe function as a passivation layer?,How does CdTe function as a passivation layer for HgCdTe?,APPLIED,1,False
007,data/curation/rewrite_batches/firm_rewrite_batch_007_rows_0181_0210.jsonl,22,202,Why are ZnS and SiO₂ used as outer passivation layers?,Why are ZnS and SiO2 used as outer passivation or protective layers in HgCdTe devices?,APPLIED,1,False
007,data/curation/rewrite_batches/firm_rewrite_batch_007_rows_0181_0210.jsonl,23,203,What is interfacial trap density (Dit)?,What is interfacial trap density Dit and why does it matter in HgCdTe detectors?,APPLIED,1,False
007,data/curation/rewrite_batches/firm_rewrite_batch_007_rows_0181_0210.jsonl,24,204,How does surface inversion affect photoconductors?,How does surface inversion affect HgCdTe photoconductors?,APPLIED,1,False
007,data/curation/rewrite_batches/firm_rewrite_batch_007_rows_0181_0210.jsonl,25,205,How are surface defects detected in HgCdTe?,How are surface defects detected in HgCdTe before and after processing?,APPLIED,1,False
007,data/curation/rewrite_batches/firm_rewrite_batch_007_rows_0181_0210.jsonl,26,206,What causes long-term instability in passivated surfaces?,What causes long-term instability in passivated HgCdTe surfaces?,APPLIED,1,False
007,data/curation/rewrite_batches/firm_rewrite_batch_007_rows_0181_0210.jsonl,27,207,What are emerging passivation techniques for HgCdTe?,"What emerging passivation techniques are relevant for HgCdTe, and how should they be evaluated?",APPLIED,1,False
007,data/curation/rewrite_batches/firm_rewrite_batch_007_rows_0181_0210.jsonl,28,208,What are Te inclusions and how do they affect HgCdTe?,What are Te inclusions and how do they affect HgCdTe detectors?,APPLIED,1,False
007,data/curation/rewrite_batches/firm_rewrite_batch_007_rows_0181_0210.jsonl,29,209,How do dislocations impact photoconductor performance?,How do dislocations impact HgCdTe photoconductor performance?,APPLIED,1,False
007,data/curation/rewrite_batches/firm_rewrite_batch_007_rows_0181_0210.jsonl,30,210,What causes Cd-rich precipitates in HgCdTe layers?,What causes Cd-rich precipitates in HgCdTe layers and how do they affect detectors?,APPLIED,1,False
008,data/curation/rewrite_batches/firm_rewrite_batch_008_rows_0211_0240.jsonl,1,211,How are precipitates removed or reduced after growth?,How are precipitates removed or reduced after HgCdTe growth?,APPLIED,1,False
008,data/curation/rewrite_batches/firm_rewrite_batch_008_rows_0211_0240.jsonl,2,212,What are common substrate-originated defects in HgCdTe epitaxy?,What substrate-originated defects can propagate into HgCdTe epitaxy?,APPLIED,1,False
008,data/curation/rewrite_batches/firm_rewrite_batch_008_rows_0211_0240.jsonl,3,213,What are dislocation loops and how do they form?,What are dislocation loops in HgCdTe-related materials and how can they form?,APPLIED,1,False
008,data/curation/rewrite_batches/firm_rewrite_batch_008_rows_0211_0240.jsonl,4,214,What is the typical dislocation density in high-performance HgCdTe?,How should dislocation density requirements for high-performance HgCdTe be discussed?,APPLIED,1,False
008,data/curation/rewrite_batches/firm_rewrite_batch_008_rows_0211_0240.jsonl,5,215,How does strain relaxation influence defect formation?,How does strain relaxation influence defect formation in HgCdTe epitaxy?,APPLIED,1,False
008,data/curation/rewrite_batches/firm_rewrite_batch_008_rows_0211_0240.jsonl,6,216,What microscopy methods reveal defects in HgCdTe?,What microscopy and mapping methods reveal defects in HgCdTe?,APPLIED,1,False
008,data/curation/rewrite_batches/firm_rewrite_batch_008_rows_0211_0240.jsonl,7,217,Why are twins and grain boundaries rare but critical in HgCdTe?,Why are twins and grain boundaries rare but critical in HgCdTe detector material?,APPLIED,1,False
008,data/curation/rewrite_batches/firm_rewrite_batch_008_rows_0211_0240.jsonl,8,218,Write a joke about elephants.,Write a joke about elephants.,APPLIED,1,False
008,data/curation/rewrite_batches/firm_rewrite_batch_008_rows_0211_0240.jsonl,9,219,What did Einstein eat for breakfast?,What did Einstein eat for breakfast?,APPLIED,1,False
008,data/curation/rewrite_batches/firm_rewrite_batch_008_rows_0211_0240.jsonl,10,220,Can you write me a poem about love?,Can you write me a poem about love?,APPLIED,1,False
008,data/curation/rewrite_batches/firm_rewrite_batch_008_rows_0211_0240.jsonl,11,221,Give me some SEO tips for my website.,Give me some SEO tips for my website.,APPLIED,1,False
008,data/curation/rewrite_batches/firm_rewrite_batch_008_rows_0211_0240.jsonl,12,222,Summarize the Harry Potter books.,Summarize the Harry Potter books.,APPLIED,1,False
008,data/curation/rewrite_batches/firm_rewrite_batch_008_rows_0211_0240.jsonl,13,223,Make up a story about a detective.,Make up a story about a detective.,APPLIED,1,False
008,data/curation/rewrite_batches/firm_rewrite_batch_008_rows_0211_0240.jsonl,14,224,Who won the Oscar for Best Actor in 2023?,Who won the Oscar for Best Actor in 2023?,APPLIED,1,False
008,data/curation/rewrite_batches/firm_rewrite_batch_008_rows_0211_0240.jsonl,15,225,Teach me how to play chess.,Teach me how to play chess.,APPLIED,1,False
008,data/curation/rewrite_batches/firm_rewrite_batch_008_rows_0211_0240.jsonl,16,226,Create a workout plan for me.,Create a workout plan for me.,APPLIED,1,False
008,data/curation/rewrite_batches/firm_rewrite_batch_008_rows_0211_0240.jsonl,17,227,Write an article about climate change.,Write an article about climate change.,APPLIED,1,False
008,data/curation/rewrite_batches/firm_rewrite_batch_008_rows_0211_0240.jsonl,18,228,What is the best pizza topping?,What is the best pizza topping?,APPLIED,1,False
008,data/curation/rewrite_batches/firm_rewrite_batch_008_rows_0211_0240.jsonl,19,229,Generate a rap about summer vacation.,Generate a rap about summer vacation.,APPLIED,1,False
008,data/curation/rewrite_batches/firm_rewrite_batch_008_rows_0211_0240.jsonl,20,230,Tell me about famous painters in the 19th century.,Tell me about famous painters in the 19th century.,APPLIED,1,False
008,data/curation/rewrite_batches/firm_rewrite_batch_008_rows_0211_0240.jsonl,21,231,Give me a recipe for lasagna.,Give me a recipe for lasagna.,APPLIED,1,False
008,data/curation/rewrite_batches/firm_rewrite_batch_008_rows_0211_0240.jsonl,22,232,What's your favorite movie?,What's your favorite movie?,APPLIED,1,False
008,data/curation/rewrite_batches/firm_rewrite_batch_008_rows_0211_0240.jsonl,23,233,Design me a tattoo.,Design me a tattoo.,APPLIED,1,False
008,data/curation/rewrite_batches/firm_rewrite_batch_008_rows_0211_0240.jsonl,24,234,Write a fictional news article.,Write a fictional news article.,APPLIED,1,False
008,data/curation/rewrite_batches/firm_rewrite_batch_008_rows_0211_0240.jsonl,25,235,Who is the best basketball player?,Who is the best basketball player?,APPLIED,1,False
008,data/curation/rewrite_batches/firm_rewrite_batch_008_rows_0211_0240.jsonl,26,236,Describe the plot of a Marvel movie.,Describe the plot of a Marvel movie.,APPLIED,1,False
008,data/curation/rewrite_batches/firm_rewrite_batch_008_rows_0211_0240.jsonl,27,237,Help me make a social media plan.,Help me make a social media plan.,APPLIED,1,False
008,data/curation/rewrite_batches/firm_rewrite_batch_008_rows_0211_0240.jsonl,28,238,Can you help me write a romance novel?,Can you help me write a romance novel?,APPLIED,1,False
008,data/curation/rewrite_batches/firm_rewrite_batch_008_rows_0211_0240.jsonl,29,239,What's the best way to train a puppy?,What's the best way to train a puppy?,APPLIED,1,False
008,data/curation/rewrite_batches/firm_rewrite_batch_008_rows_0211_0240.jsonl,30,240,What is the latest celebrity gossip?,What is the latest celebrity gossip?,APPLIED,1,False
009,data/curation/rewrite_batches/firm_rewrite_batch_009_rows_0241_0270.jsonl,1,241,What’s your opinion on politics?,What’s your opinion on politics?,APPLIED,1,False
009,data/curation/rewrite_batches/firm_rewrite_batch_009_rows_0241_0270.jsonl,2,242,Should I invest in cryptocurrency?,Should I invest in cryptocurrency?,APPLIED,1,False
009,data/curation/rewrite_batches/firm_rewrite_batch_009_rows_0241_0270.jsonl,3,243,What does a black hole look like?,What does a black hole look like?,APPLIED,1,False
009,data/curation/rewrite_batches/firm_rewrite_batch_009_rows_0241_0270.jsonl,4,244,Tell me about satellites,Tell me about satellites,APPLIED,1,False
009,data/curation/rewrite_batches/firm_rewrite_batch_009_rows_0241_0270.jsonl,5,245,Explain the optics of a pinhole camera,Explain the optics of a pinhole camera and relate it to infrared imaging tradeoffs.,APPLIED,1,False
009,data/curation/rewrite_batches/firm_rewrite_batch_009_rows_0241_0270.jsonl,6,246,How do lenses affect MWIR sensor performance?,How do lenses affect MWIR sensor performance?,APPLIED,1,False
009,data/curation/rewrite_batches/firm_rewrite_batch_009_rows_0241_0270.jsonl,7,247,What does F/# mean in optics?,What does F-number mean in infrared optics and detector calibration?,APPLIED,1,False
009,data/curation/rewrite_batches/firm_rewrite_batch_009_rows_0241_0270.jsonl,8,248,How do you prevent condensation on cryogenic detectors?,How do you prevent condensation on cryogenic infrared detectors?,APPLIED,1,False
009,data/curation/rewrite_batches/firm_rewrite_batch_009_rows_0241_0270.jsonl,9,249,What temperature does LN₂ cooling reach?,What temperature does LN2 cooling reach and why does it matter for infrared detectors?,APPLIED,1,False
009,data/curation/rewrite_batches/firm_rewrite_batch_009_rows_0241_0270.jsonl,10,250,How do you calculate heat load on a TEC?,How do you calculate heat load on a thermoelectric cooler in an infrared detector package?,APPLIED,1,False
009,data/curation/rewrite_batches/firm_rewrite_batch_009_rows_0241_0270.jsonl,11,251,What packaging is needed for an LWIR detector?,What packaging is needed for an LWIR detector?,APPLIED,1,False
009,data/curation/rewrite_batches/firm_rewrite_batch_009_rows_0241_0270.jsonl,12,252,How is Johnson noise voltage calculated?,How is Johnson noise voltage calculated for detector measurements?,APPLIED,1,False
009,data/curation/rewrite_batches/firm_rewrite_batch_009_rows_0241_0270.jsonl,13,253,Why is low thermal resistance important in TEC packages?,Why is low thermal resistance important in TEC-cooled infrared detector packages?,APPLIED,1,False
009,data/curation/rewrite_batches/firm_rewrite_batch_009_rows_0241_0270.jsonl,14,254,What is a digital twin in device modeling?,What is a digital twin in infrared photodetector device modeling?,APPLIED,1,False
009,data/curation/rewrite_batches/firm_rewrite_batch_009_rows_0241_0270.jsonl,15,255,Compare Silvaco and DEVSIM,Compare Silvaco and DEVSIM for infrared photodetector modeling.,APPLIED,1,False
009,data/curation/rewrite_batches/firm_rewrite_batch_009_rows_0241_0270.jsonl,16,256,What is SRH recombination?,What is Shockley-Read-Hall recombination and why is it important in HgCdTe detectors?,APPLIED,1,False
009,data/curation/rewrite_batches/firm_rewrite_batch_009_rows_0241_0270.jsonl,17,257,Why is surface passivation critical for HgCdTe?,Why is surface passivation critical for HgCdTe detectors?,APPLIED,1,False
009,data/curation/rewrite_batches/firm_rewrite_batch_009_rows_0241_0270.jsonl,18,258,What is thermal time constant in detectors?,What is thermal time constant in detectors and how is it different from carrier lifetime?,APPLIED,1,False
009,data/curation/rewrite_batches/firm_rewrite_batch_009_rows_0241_0270.jsonl,19,259,What is a cold shield?,What is a cold shield and why is it important in infrared detector testing?,APPLIED,1,False
009,data/curation/rewrite_batches/firm_rewrite_batch_009_rows_0241_0270.jsonl,20,260,How do window materials affect detector performance?,How do infrared window materials affect detector performance?,APPLIED,1,False
009,data/curation/rewrite_batches/firm_rewrite_batch_009_rows_0241_0270.jsonl,21,261,What causes delamination in detector packaging?,What causes delamination in infrared detector packaging and how does it affect performance?,APPLIED,1,False
009,data/curation/rewrite_batches/firm_rewrite_batch_009_rows_0241_0270.jsonl,22,262,What is HgCdTe?,What is HgCdTe and why is it important for infrared photodetectors?,APPLIED,1,False
009,data/curation/rewrite_batches/firm_rewrite_batch_009_rows_0241_0270.jsonl,23,263,What does MCT stand for?,What does MCT stand for in infrared detector technology?,APPLIED,1,False
009,data/curation/rewrite_batches/firm_rewrite_batch_009_rows_0241_0270.jsonl,24,264,What is CdZnTe?,What is CdZnTe and why is it used with HgCdTe?,APPLIED,1,False
009,data/curation/rewrite_batches/firm_rewrite_batch_009_rows_0241_0270.jsonl,25,265,What does CZT stand for?,What does CZT stand for in HgCdTe detector fabrication?,APPLIED,1,False
009,data/curation/rewrite_batches/firm_rewrite_batch_009_rows_0241_0270.jsonl,26,266,What is a photoconductor?,What is a photoconductor and how does it operate as an infrared detector?,APPLIED,1,False
009,data/curation/rewrite_batches/firm_rewrite_batch_009_rows_0241_0270.jsonl,27,267,What is a photodiode?,What is a photodiode and how does it operate as an infrared detector?,APPLIED,1,False
009,data/curation/rewrite_batches/firm_rewrite_batch_009_rows_0241_0270.jsonl,28,268,What is quantum efficiency?,What is quantum efficiency in infrared detectors?,APPLIED,1,False
009,data/curation/rewrite_batches/firm_rewrite_batch_009_rows_0241_0270.jsonl,29,269,What is responsivity?,What is responsivity in infrared detectors?,APPLIED,1,False
009,data/curation/rewrite_batches/firm_rewrite_batch_009_rows_0241_0270.jsonl,30,270,What is the difference between a photodiode and a photoconductor?,What is the difference between a photodiode and a photoconductor in infrared detection?,APPLIED,1,False
010,data/curation/rewrite_batches/firm_rewrite_batch_010_rows_0271_0300.jsonl,1,271,What does LWIR mean?,What does LWIR mean in infrared detector engineering?,APPLIED,1,False
010,data/curation/rewrite_batches/firm_rewrite_batch_010_rows_0271_0300.jsonl,2,272,What is bandgap?,What is bandgap and why does it control infrared detector cutoff?,APPLIED,1,False
010,data/curation/rewrite_batches/firm_rewrite_batch_010_rows_0271_0300.jsonl,3,273,What is an IR detector?,What is an infrared detector and what determines its performance?,APPLIED,1,False
010,data/curation/rewrite_batches/firm_rewrite_batch_010_rows_0271_0300.jsonl,4,274,What is thermal noise?,What is thermal noise in infrared detector measurements?,APPLIED,1,False
010,data/curation/rewrite_batches/firm_rewrite_batch_010_rows_0271_0300.jsonl,5,275,What does TEC stand for?,What does TEC stand for and how is it used in infrared detector systems?,APPLIED,1,False
010,data/curation/rewrite_batches/firm_rewrite_batch_010_rows_0271_0300.jsonl,6,276,What is LPE?,What is LPE in HgCdTe detector material growth?,APPLIED,1,False
010,data/curation/rewrite_batches/firm_rewrite_batch_010_rows_0271_0300.jsonl,7,277,What is MOCVD?,What is MOCVD and why is it used for infrared detector materials?,APPLIED,1,False
010,data/curation/rewrite_batches/firm_rewrite_batch_010_rows_0271_0300.jsonl,8,278,What is a focal plane array?,What is a focal plane array in infrared imaging?,APPLIED,1,False
010,data/curation/rewrite_batches/firm_rewrite_batch_010_rows_0271_0300.jsonl,9,279,What does ROIC stand for?,What does ROIC stand for in infrared focal plane arrays?,APPLIED,1,False
010,data/curation/rewrite_batches/firm_rewrite_batch_010_rows_0271_0300.jsonl,10,280,What does NETD stand for?,What does NETD stand for and how is it related to infrared camera sensitivity?,APPLIED,1,False
010,data/curation/rewrite_batches/firm_rewrite_batch_010_rows_0271_0300.jsonl,11,281,What is passivation?,What is passivation in semiconductor infrared detectors?,APPLIED,1,False
010,data/curation/rewrite_batches/firm_rewrite_batch_010_rows_0271_0300.jsonl,12,282,Write a horror story.,Write a horror story.,APPLIED,1,False
010,data/curation/rewrite_batches/firm_rewrite_batch_010_rows_0271_0300.jsonl,13,283,Who is the richest person in the world?,Who is the richest person in the world?,APPLIED,1,False
010,data/curation/rewrite_batches/firm_rewrite_batch_010_rows_0271_0300.jsonl,14,284,What's the weather like today?,What's the weather like today?,APPLIED,1,False
010,data/curation/rewrite_batches/firm_rewrite_batch_010_rows_0271_0300.jsonl,15,285,Give me a motivational quote.,Give me a motivational quote.,APPLIED,1,False
010,data/curation/rewrite_batches/firm_rewrite_batch_010_rows_0271_0300.jsonl,16,286,What should I wear to a wedding?,What should I wear to a wedding?,APPLIED,1,False
010,data/curation/rewrite_batches/firm_rewrite_batch_010_rows_0271_0300.jsonl,17,287,Tell me about Greek mythology.,Tell me about Greek mythology.,APPLIED,1,False
010,data/curation/rewrite_batches/firm_rewrite_batch_010_rows_0271_0300.jsonl,18,288,Generate a fantasy world map.,Generate a fantasy world map.,APPLIED,1,False
010,data/curation/rewrite_batches/firm_rewrite_batch_010_rows_0271_0300.jsonl,19,289,How do I start a clothing brand?,How do I start a clothing brand?,APPLIED,1,False
010,data/curation/rewrite_batches/firm_rewrite_batch_010_rows_0271_0300.jsonl,20,290,Teach me how to skateboard.,Teach me how to skateboard.,APPLIED,1,False
010,data/curation/rewrite_batches/firm_rewrite_batch_010_rows_0271_0300.jsonl,21,291,What is your favorite animal?,What is your favorite animal?,APPLIED,1,False
010,data/curation/rewrite_batches/firm_rewrite_batch_010_rows_0271_0300.jsonl,22,292,Write a country music song.,Write a country music song.,APPLIED,1,False
010,data/curation/rewrite_batches/firm_rewrite_batch_010_rows_0271_0300.jsonl,23,293,What happens in the TV show Friends?,What happens in the TV show Friends?,APPLIED,1,False
010,data/curation/rewrite_batches/firm_rewrite_batch_010_rows_0271_0300.jsonl,24,294,Create a cocktail recipe.,Create a cocktail recipe.,APPLIED,1,False
010,data/curation/rewrite_batches/firm_rewrite_batch_010_rows_0271_0300.jsonl,25,295,What's trending on TikTok?,What's trending on TikTok?,APPLIED,1,False
010,data/curation/rewrite_batches/firm_rewrite_batch_010_rows_0271_0300.jsonl,26,296,Do aliens exist?,Do aliens exist?,APPLIED,1,False
010,data/curation/rewrite_batches/firm_rewrite_batch_010_rows_0271_0300.jsonl,27,297,What's a good name for a cat?,What's a good name for a cat?,APPLIED,1,False
010,data/curation/rewrite_batches/firm_rewrite_batch_010_rows_0271_0300.jsonl,28,298,Tell me a bedtime story.,Tell me a bedtime story.,APPLIED,1,False
010,data/curation/rewrite_batches/firm_rewrite_batch_010_rows_0271_0300.jsonl,29,299,Help me cheat on a test.,Help me cheat on a test.,APPLIED,1,False
010,data/curation/rewrite_batches/firm_rewrite_batch_010_rows_0271_0300.jsonl,30,300,Make up a new superhero.,Make up a new superhero.,APPLIED,1,False
010b,data/curation/rewrite_batches/firm_rewrite_batch_010b_cleanup_rows_0265_0270.jsonl,1,265,Who won the latest sports championship?,Who won the latest sports championship?,APPLIED,1,False
010b,data/curation/rewrite_batches/firm_rewrite_batch_010b_cleanup_rows_0265_0270.jsonl,2,266,How do I become a millionaire?,How do I become a millionaire?,APPLIED,1,False
010b,data/curation/rewrite_batches/firm_rewrite_batch_010b_cleanup_rows_0265_0270.jsonl,3,267,What’s your favorite food?,What’s your favorite food?,APPLIED,1,False
010b,data/curation/rewrite_batches/firm_rewrite_batch_010b_cleanup_rows_0265_0270.jsonl,4,268,Do you believe in ghosts?,Do you believe in ghosts?,APPLIED,1,False
010b,data/curation/rewrite_batches/firm_rewrite_batch_010b_cleanup_rows_0265_0270.jsonl,5,269,Write a haiku about love.,Write a haiku about love.,APPLIED,1,False
010b,data/curation/rewrite_batches/firm_rewrite_batch_010b_cleanup_rows_0265_0270.jsonl,6,270,Can you help me build a website?,Can you help me build a website?,APPLIED,1,False
011,data/curation/rewrite_batches/firm_rewrite_batch_011_guardrail_cleanup.jsonl,1,301,What is the best dating app?,What is the best dating app?,APPLIED,1,False
011,data/curation/rewrite_batches/firm_rewrite_batch_011_guardrail_cleanup.jsonl,2,302,Who should I vote for?,Who should I vote for?,APPLIED,1,False
011,data/curation/rewrite_batches/firm_rewrite_batch_011_guardrail_cleanup.jsonl,3,303,Explain horoscopes.,Explain horoscopes.,APPLIED,1,False
011,data/curation/rewrite_batches/firm_rewrite_batch_011_guardrail_cleanup.jsonl,4,304,Can you write a novel opening?,Can you write a novel opening?,APPLIED,1,False
011,data/curation/rewrite_batches/firm_rewrite_batch_011_guardrail_cleanup.jsonl,5,305,What are some fun party ideas?,What are some fun party ideas?,APPLIED,1,False
011,data/curation/rewrite_batches/firm_rewrite_batch_011_guardrail_cleanup.jsonl,6,306,How do I get rich quick?,How do I get rich quick?,APPLIED,1,False
011,data/curation/rewrite_batches/firm_rewrite_batch_011_guardrail_cleanup.jsonl,7,307,How do I prank my boss?,How do I prank my boss?,APPLIED,1,False
011,data/curation/rewrite_batches/firm_rewrite_batch_011_guardrail_cleanup.jsonl,8,308,Generate a wedding speech.,Generate a wedding speech.,APPLIED,1,False
011,data/curation/rewrite_batches/firm_rewrite_batch_011_guardrail_cleanup.jsonl,9,309,Help me pick a baby name.,Help me pick a baby name.,APPLIED,1,False
011,data/curation/rewrite_batches/firm_rewrite_batch_011_guardrail_cleanup.jsonl,10,310,What do you think about ghosts?,What do you think about ghosts?,APPLIED,1,False
011,data/curation/rewrite_batches/firm_rewrite_batch_011_guardrail_cleanup.jsonl,11,311,Explain the plot of Game of Thrones.,Explain the plot of Game of Thrones.,APPLIED,1,False
011,data/curation/rewrite_batches/firm_rewrite_batch_011_guardrail_cleanup.jsonl,12,312,Create an inspirational Instagram caption.,Create an inspirational Instagram caption.,APPLIED,1,False
011,data/curation/rewrite_batches/firm_rewrite_batch_011_guardrail_cleanup.jsonl,13,313,What song should I listen to right now?,What song should I listen to right now?,APPLIED,1,False
011,data/curation/rewrite_batches/firm_rewrite_batch_011_guardrail_cleanup.jsonl,14,314,Give me stock trading tips.,Give me stock trading tips.,APPLIED,1,False
011,data/curation/rewrite_batches/firm_rewrite_batch_011_guardrail_cleanup.jsonl,15,315,Describe a fashion trend.,Describe a fashion trend.,APPLIED,1,False
011,data/curation/rewrite_batches/firm_rewrite_batch_011_guardrail_cleanup.jsonl,16,316,Write a song about rainbows.,Write a song about rainbows.,APPLIED,1,False
011,data/curation/rewrite_batches/firm_rewrite_batch_011_guardrail_cleanup.jsonl,17,317,Can you design a theme park?,Can you design a theme park?,APPLIED,1,False
011,data/curation/rewrite_batches/firm_rewrite_batch_011_guardrail_cleanup.jsonl,18,318,What's the funniest meme right now?,What's the funniest meme right now?,APPLIED,1,False
011,data/curation/rewrite_batches/firm_rewrite_batch_011_guardrail_cleanup.jsonl,19,319,Help me win an argument.,Help me win an argument.,APPLIED,1,False
011,data/curation/rewrite_batches/firm_rewrite_batch_011_guardrail_cleanup.jsonl,20,320,Give me a dating profile bio.,Give me a dating profile bio.,APPLIED,1,False
011,data/curation/rewrite_batches/firm_rewrite_batch_011_guardrail_cleanup.jsonl,21,321,Can you write a breakup letter?,Can you write a breakup letter?,APPLIED,1,False
011,data/curation/rewrite_batches/firm_rewrite_batch_011_guardrail_cleanup.jsonl,22,322,Write a fantasy novel plot.,Write a fantasy novel plot.,APPLIED,1,False
011,data/curation/rewrite_batches/firm_rewrite_batch_011_guardrail_cleanup.jsonl,23,323,Who is your favorite historical figure?,Who is your favorite historical figure?,APPLIED,1,False
011,data/curation/rewrite_batches/firm_rewrite_batch_011_guardrail_cleanup.jsonl,24,324,Tell me how to get more followers on Instagram.,Tell me how to get more followers on Instagram.,APPLIED,1,False
011,data/curation/rewrite_batches/firm_rewrite_batch_011_guardrail_cleanup.jsonl,25,325,What’s the best romantic vacation destination?,What’s the best romantic vacation destination?,APPLIED,1,False
011,data/curation/rewrite_batches/firm_rewrite_batch_011_guardrail_cleanup.jsonl,26,326,Create a character for a video game.,Create a character for a video game.,APPLIED,1,False
011,data/curation/rewrite_batches/firm_rewrite_batch_011_guardrail_cleanup.jsonl,27,327,Write a joke about politicians.,Write a joke about politicians.,APPLIED,1,False
011,data/curation/rewrite_batches/firm_rewrite_batch_011_guardrail_cleanup.jsonl,28,328,What’s the meaning of life?,What’s the meaning of life?,APPLIED,1,False
011,data/curation/rewrite_batches/firm_rewrite_batch_011_guardrail_cleanup.jsonl,29,329,What should I name my startup?,What should I name my startup?,APPLIED,1,False
011,data/curation/rewrite_batches/firm_rewrite_batch_011_guardrail_cleanup.jsonl,30,330,How do I decorate my apartment?,How do I decorate my apartment?,APPLIED,1,False
012,data/curation/rewrite_batches/firm_rewrite_batch_012_rows_0331_0360.jsonl,1,331,Give me a hairstyle suggestion.,Give me a hairstyle suggestion.,APPLIED,1,False
012,data/curation/rewrite_batches/firm_rewrite_batch_012_rows_0331_0360.jsonl,2,332,Tell me what zodiac sign matches mine.,Tell me what zodiac sign matches mine.,APPLIED,1,False
012,data/curation/rewrite_batches/firm_rewrite_batch_012_rows_0331_0360.jsonl,3,333,Generate a bedtime story for kids.,Generate a bedtime story for kids.,APPLIED,1,False
012,data/curation/rewrite_batches/firm_rewrite_batch_012_rows_0331_0360.jsonl,4,334,How do I bake the perfect brownie?,How do I bake the perfect brownie?,APPLIED,1,False
012,data/curation/rewrite_batches/firm_rewrite_batch_012_rows_0331_0360.jsonl,5,335,What’s trending in fashion this year?,What’s trending in fashion this year?,APPLIED,1,False
012,data/curation/rewrite_batches/firm_rewrite_batch_012_rows_0331_0360.jsonl,6,336,What are the best dog breeds for apartments?,What are the best dog breeds for apartments?,APPLIED,1,False
012,data/curation/rewrite_batches/firm_rewrite_batch_012_rows_0331_0360.jsonl,7,337,What should I get my partner for their birthday?,What should I get my partner for their birthday?,APPLIED,1,False
012,data/curation/rewrite_batches/firm_rewrite_batch_012_rows_0331_0360.jsonl,8,338,Make a TikTok caption about fall vibes.,Make a TikTok caption about fall vibes.,APPLIED,1,False
012,data/curation/rewrite_batches/firm_rewrite_batch_012_rows_0331_0360.jsonl,9,339,Help me with a breakup recovery plan.,Help me with a breakup recovery plan.,APPLIED,1,False
012,data/curation/rewrite_batches/firm_rewrite_batch_012_rows_0331_0360.jsonl,10,340,Write a dialogue between two superheroes.,Write a dialogue between two superheroes.,APPLIED,1,False
012,data/curation/rewrite_batches/firm_rewrite_batch_012_rows_0331_0360.jsonl,11,341,What are the healthiest salad toppings?,What are the healthiest salad toppings?,APPLIED,1,False
012,data/curation/rewrite_batches/firm_rewrite_batch_012_rows_0331_0360.jsonl,12,342,What does NASA do?,What does NASA do from an infrared detector and instrumentation perspective?,APPLIED,1,False
012,data/curation/rewrite_batches/firm_rewrite_batch_012_rows_0331_0360.jsonl,13,343,Tell me about space technology.,Tell me about space technology from an infrared detector perspective.,APPLIED,1,False
012,data/curation/rewrite_batches/firm_rewrite_batch_012_rows_0331_0360.jsonl,14,344,How do satellites work?,How do satellites use infrared detectors for sensing and imaging?,APPLIED,1,False
012,data/curation/rewrite_batches/firm_rewrite_batch_012_rows_0331_0360.jsonl,15,345,What is remote sensing?,What is remote sensing from an infrared detector perspective?,APPLIED,1,False
012,data/curation/rewrite_batches/firm_rewrite_batch_012_rows_0331_0360.jsonl,16,346,What are thermal cameras?,What are thermal cameras and what detector metrics determine their performance?,APPLIED,1,False
012,data/curation/rewrite_batches/firm_rewrite_batch_012_rows_0331_0360.jsonl,17,347,How does night vision work?,"How does night vision work, and how is it different from thermal infrared imaging?",APPLIED,1,False
012,data/curation/rewrite_batches/firm_rewrite_batch_012_rows_0331_0360.jsonl,18,348,What is the purpose of weather satellites?,What is the purpose of weather satellites from an infrared-sensing perspective?,APPLIED,1,False
012,data/curation/rewrite_batches/firm_rewrite_batch_012_rows_0331_0360.jsonl,19,349,Tell me about infrared imaging.,Tell me about infrared imaging from detector physics to system metrics.,APPLIED,1,False
012,data/curation/rewrite_batches/firm_rewrite_batch_012_rows_0331_0360.jsonl,20,350,How are photodetectors used in astronomy?,"How are photodetectors used in astronomy, especially in infrared instruments?",APPLIED,1,False
012,data/curation/rewrite_batches/firm_rewrite_batch_012_rows_0331_0360.jsonl,21,351,What do imaging sensors do?,What do imaging sensors do in infrared and photonic systems?,APPLIED,1,False
012,data/curation/rewrite_batches/firm_rewrite_batch_012_rows_0331_0360.jsonl,22,352,What is surveillance technology?,What is surveillance technology from an infrared sensing perspective?,APPLIED,1,False
012,data/curation/rewrite_batches/firm_rewrite_batch_012_rows_0331_0360.jsonl,23,353,What is target acquisition in defense systems?,What is target acquisition in infrared defense systems from a detector-engineering perspective?,APPLIED,1,False
012,data/curation/rewrite_batches/firm_rewrite_batch_012_rows_0331_0360.jsonl,24,354,Tell me about drones.,Tell me about drones from an infrared sensing payload perspective.,APPLIED,1,False
012,data/curation/rewrite_batches/firm_rewrite_batch_012_rows_0331_0360.jsonl,25,355,How does missile guidance work?,How do infrared seeker detectors contribute to missile guidance systems?,APPLIED,1,False
012,data/curation/rewrite_batches/firm_rewrite_batch_012_rows_0331_0360.jsonl,26,356,What is the James Webb Space Telescope?,What is the James Webb Space Telescope from an infrared detector perspective?,APPLIED,1,False
012,data/curation/rewrite_batches/firm_rewrite_batch_012_rows_0331_0360.jsonl,27,357,What is quantum computing?,What is quantum computing from a photodetector and photonics perspective?,APPLIED,1,False
012,data/curation/rewrite_batches/firm_rewrite_batch_012_rows_0331_0360.jsonl,28,358,Tell me about computer vision.,Tell me about computer vision from an imaging-sensor perspective.,APPLIED,1,False
012,data/curation/rewrite_batches/firm_rewrite_batch_012_rows_0331_0360.jsonl,29,359,What is machine learning?,How is machine learning used with infrared detector data?,APPLIED,1,False
012,data/curation/rewrite_batches/firm_rewrite_batch_012_rows_0331_0360.jsonl,30,360,How do robots work?,How do robots use photodetectors and infrared sensors?,APPLIED,1,False
013,data/curation/rewrite_batches/firm_rewrite_batch_013_rows_0361_0390.jsonl,1,361,What are smart sensors?,What are smart sensors from an infrared detector systems perspective?,APPLIED,1,False
013,data/curation/rewrite_batches/firm_rewrite_batch_013_rows_0361_0390.jsonl,2,362,What is artificial intelligence?,How is artificial intelligence used with infrared detector systems?,APPLIED,1,False
013,data/curation/rewrite_batches/firm_rewrite_batch_013_rows_0361_0390.jsonl,3,363,What is the Internet of Things?,How do infrared photodetectors fit into Internet-of-Things sensing systems?,APPLIED,1,False
013,data/curation/rewrite_batches/firm_rewrite_batch_013_rows_0361_0390.jsonl,4,364,Tell me about signal processing.,How is signal processing used in infrared detector measurements?,APPLIED,1,False
013,data/curation/rewrite_batches/firm_rewrite_batch_013_rows_0361_0390.jsonl,5,365,How do lasers work?,How do lasers interact with photodetector systems?,APPLIED,1,False
013,data/curation/rewrite_batches/firm_rewrite_batch_013_rows_0361_0390.jsonl,6,366,What is semiconductor fabrication?,What is semiconductor fabrication for infrared photodetectors?,APPLIED,1,False
013,data/curation/rewrite_batches/firm_rewrite_batch_013_rows_0361_0390.jsonl,7,367,Explain cyber-physical systems.,How do infrared detectors fit into cyber-physical systems?,APPLIED,1,False
013,data/curation/rewrite_batches/firm_rewrite_batch_013_rows_0361_0390.jsonl,8,368,What is fiber optics?,What is fiber optics from a photodetector perspective?,APPLIED,1,False
013,data/curation/rewrite_batches/firm_rewrite_batch_013_rows_0361_0390.jsonl,9,369,What is biomedical imaging?,How are photodetectors used in biomedical imaging?,APPLIED,1,False
013,data/curation/rewrite_batches/firm_rewrite_batch_013_rows_0361_0390.jsonl,10,370,Tell me about neuromorphic computing.,What is neuromorphic computing from an optoelectronic detector perspective?,APPLIED,1,False
013,data/curation/rewrite_batches/firm_rewrite_batch_013_rows_0361_0390.jsonl,11,371,What are nanomaterials?,How are nanomaterials relevant to photodetectors?,APPLIED,1,False
013,data/curation/rewrite_batches/firm_rewrite_batch_013_rows_0361_0390.jsonl,12,372,What is spectroscopy?,What is spectroscopy and why do photodetectors matter?,APPLIED,1,False
013,data/curation/rewrite_batches/firm_rewrite_batch_013_rows_0361_0390.jsonl,13,373,Explain signal-to-noise ratio.,Explain signal-to-noise ratio in infrared detector measurements.,APPLIED,1,False
013,data/curation/rewrite_batches/firm_rewrite_batch_013_rows_0361_0390.jsonl,14,374,What are MEMS devices?,How are MEMS devices used with infrared detectors and photonic systems?,APPLIED,1,False
013,data/curation/rewrite_batches/firm_rewrite_batch_013_rows_0361_0390.jsonl,15,375,What is hyperspectral imaging?,What is hyperspectral imaging from an infrared detector perspective?,APPLIED,1,False
013,data/curation/rewrite_batches/firm_rewrite_batch_013_rows_0361_0390.jsonl,16,376,Tell me about semiconductor doping.,How does semiconductor doping affect infrared photodetectors?,APPLIED,1,False
013,data/curation/rewrite_batches/firm_rewrite_batch_013_rows_0361_0390.jsonl,17,377,How does an ADC work?,How does an ADC affect infrared detector measurements?,APPLIED,1,False
013,data/curation/rewrite_batches/firm_rewrite_batch_013_rows_0361_0390.jsonl,18,378,Explain sensor fusion.,How is sensor fusion used with infrared detectors?,APPLIED,1,False
013,data/curation/rewrite_batches/firm_rewrite_batch_013_rows_0361_0390.jsonl,19,379,What is photolithography?,What is photolithography in infrared detector fabrication?,APPLIED,1,False
013,data/curation/rewrite_batches/firm_rewrite_batch_013_rows_0361_0390.jsonl,20,380,How does time-of-flight sensing work?,How does time-of-flight sensing use photodetectors?,APPLIED,1,False
013,data/curation/rewrite_batches/firm_rewrite_batch_013_rows_0361_0390.jsonl,21,381,What is thermoelectric cooling?,What is thermoelectric cooling and how is it used in infrared detector systems?,APPLIED,1,False
013,data/curation/rewrite_batches/firm_rewrite_batch_013_rows_0361_0390.jsonl,22,382,Explain Fourier analysis.,How is Fourier analysis used in infrared detector measurements?,APPLIED,1,False
013,data/curation/rewrite_batches/firm_rewrite_batch_013_rows_0361_0390.jsonl,23,383,What is a Fabry-Perot interferometer?,What is a Fabry-Perot interferometer and how does it relate to infrared detection?,APPLIED,1,False
013,data/curation/rewrite_batches/firm_rewrite_batch_013_rows_0361_0390.jsonl,24,384,What is avalanche multiplication?,What is avalanche multiplication in photodetectors?,APPLIED,1,False
013,data/curation/rewrite_batches/firm_rewrite_batch_013_rows_0361_0390.jsonl,25,385,Tell me about vacuum packaging.,Why is vacuum packaging important for infrared detectors?,APPLIED,1,False
013,data/curation/rewrite_batches/firm_rewrite_batch_013_rows_0361_0390.jsonl,26,386,What is active pixel design?,What is active pixel design in imaging arrays and why does it matter for infrared FPAs?,APPLIED,1,False
013,data/curation/rewrite_batches/firm_rewrite_batch_013_rows_0361_0390.jsonl,27,387,What are you trained to do?,What are you trained to do?,APPLIED,1,False
013,data/curation/rewrite_batches/firm_rewrite_batch_013_rows_0361_0390.jsonl,28,388,What subjects do you specialize in?,What subjects do you specialize in?,APPLIED,1,False
013,data/curation/rewrite_batches/firm_rewrite_batch_013_rows_0361_0390.jsonl,29,389,What kind of questions can I ask you?,What kind of questions can I ask you?,APPLIED,1,False
013,data/curation/rewrite_batches/firm_rewrite_batch_013_rows_0361_0390.jsonl,30,390,Who trained you?,Who trained you?,APPLIED,1,False
014,data/curation/rewrite_batches/firm_rewrite_batch_014_rows_0391_0420.jsonl,1,391,Are you a chatbot?,Are you a chatbot?,APPLIED,1,False
014,data/curation/rewrite_batches/firm_rewrite_batch_014_rows_0391_0420.jsonl,2,392,Do you generate opinions?,Do you generate opinions?,APPLIED,1,False
014,data/curation/rewrite_batches/firm_rewrite_batch_014_rows_0391_0420.jsonl,3,393,What’s your design philosophy?,What’s your design philosophy?,APPLIED,1,False
014,data/curation/rewrite_batches/firm_rewrite_batch_014_rows_0391_0420.jsonl,4,394,Can you describe your scope?,Can you describe your scope?,APPLIED,1,False
014,data/curation/rewrite_batches/firm_rewrite_batch_014_rows_0391_0420.jsonl,5,395,Do you have biases?,Do you have biases?,APPLIED,1,False
014,data/curation/rewrite_batches/firm_rewrite_batch_014_rows_0391_0420.jsonl,6,396,Are you suitable for educational purposes?,Are you suitable for educational purposes?,APPLIED,1,False
014,data/curation/rewrite_batches/firm_rewrite_batch_014_rows_0391_0420.jsonl,7,397,What level of user are you built for?,What level of user are you built for?,APPLIED,1,False
014,data/curation/rewrite_batches/firm_rewrite_batch_014_rows_0391_0420.jsonl,8,398,Do you assist with documentation?,Do you assist with documentation?,APPLIED,1,False
014,data/curation/rewrite_batches/firm_rewrite_batch_014_rows_0391_0420.jsonl,9,399,Are you accurate?,Are you accurate?,APPLIED,1,False
014,data/curation/rewrite_batches/firm_rewrite_batch_014_rows_0391_0420.jsonl,10,400,Do you understand photodetector packaging?,Do you understand photodetector packaging?,APPLIED,1,False
014,data/curation/rewrite_batches/firm_rewrite_batch_014_rows_0391_0420.jsonl,11,401,Do you know about readout electronics?,Do you know about readout electronics?,APPLIED,1,False
014,data/curation/rewrite_batches/firm_rewrite_batch_014_rows_0391_0420.jsonl,12,402,Define quantum efficiency of a photodetector.,Define quantum efficiency of a photodetector.,APPLIED,1,False
014,data/curation/rewrite_batches/firm_rewrite_batch_014_rows_0391_0420.jsonl,13,403,What is the noise equivalent power (NEP) and how is it defined?,What is the noise equivalent power (NEP) and how is it defined?,APPLIED,1,False
014,data/curation/rewrite_batches/firm_rewrite_batch_014_rows_0391_0420.jsonl,14,404,Explain the concept of detectivity D* in photodetectors.,Explain the concept of detectivity D* in photodetectors.,APPLIED,1,False
014,data/curation/rewrite_batches/firm_rewrite_batch_014_rows_0391_0420.jsonl,15,405,What is dark current in a photodiode?,What is dark current in a photodiode?,APPLIED,1,False
014,data/curation/rewrite_batches/firm_rewrite_batch_014_rows_0391_0420.jsonl,16,406,Define responsivity and provide its formula.,Define responsivity and provide its formula.,APPLIED,1,False
014,data/curation/rewrite_batches/firm_rewrite_batch_014_rows_0391_0420.jsonl,17,407,Describe avalanche multiplication in APDs.,Describe avalanche multiplication in APDs.,APPLIED,1,False
014,data/curation/rewrite_batches/firm_rewrite_batch_014_rows_0391_0420.jsonl,18,408,What is the dynamic range of a photodetector?,What is the dynamic range of a photodetector?,APPLIED,1,False
014,data/curation/rewrite_batches/firm_rewrite_batch_014_rows_0391_0420.jsonl,19,409,Explain the concept of specific detectivity D* and its units.,Explain the concept of specific detectivity D* and its units.,APPLIED,1,False
014,data/curation/rewrite_batches/firm_rewrite_batch_014_rows_0391_0420.jsonl,20,410,Define the response time of a photodetector.,Define the response time of a photodetector.,APPLIED,1,False
014,data/curation/rewrite_batches/firm_rewrite_batch_014_rows_0391_0420.jsonl,21,411,What is saturation in a photodetector?,What is saturation in a photodetector?,APPLIED,1,False
014,data/curation/rewrite_batches/firm_rewrite_batch_014_rows_0391_0420.jsonl,22,412,Derive the expression for shot noise current in a photodiode.,Derive the expression for shot noise current in a photodiode.,APPLIED,1,False
014,data/curation/rewrite_batches/firm_rewrite_batch_014_rows_0391_0420.jsonl,23,413,Show how Johnson noise voltage is calculated for a resistor.,Show how Johnson noise voltage is calculated for a resistor.,APPLIED,1,False
014,data/curation/rewrite_batches/firm_rewrite_batch_014_rows_0391_0420.jsonl,24,414,Derive the relationship between NEP and detectivity D* for a detector.,Derive the relationship between NEP and detectivity D* for a detector.,APPLIED,1,False
014,data/curation/rewrite_batches/firm_rewrite_batch_014_rows_0391_0420.jsonl,25,415,Derive the expression for the bandwidth of an RC-limited photodetector.,Derive the expression for the bandwidth of an RC-limited photodetector.,APPLIED,1,False
014,data/curation/rewrite_batches/firm_rewrite_batch_014_rows_0391_0420.jsonl,26,416,Derive the signal-to-noise ratio (SNR) for a photodiode dominated by shot noise.,Derive the signal-to-noise ratio for a photodiode dominated by shot noise.,APPLIED,1,False
014,data/curation/rewrite_batches/firm_rewrite_batch_014_rows_0391_0420.jsonl,27,417,Derive the expression for detectivity of a detector in terms of responsivity and noise current.,Derive the expression for detectivity of a detector in terms of responsivity and noise current.,APPLIED,1,False
014,data/curation/rewrite_batches/firm_rewrite_batch_014_rows_0391_0420.jsonl,28,418,"A photodiode has quantum efficiency 0.72 and operates at 1372.2 nm. If it receives 3.054 mW of optical power, what is the photocurrent?","A photodiode has quantum efficiency 0.72 and operates at 1372.2 nm. If it receives 3.054 mW of optical power, what is the photocurrent?",APPLIED,1,False
014,data/curation/rewrite_batches/firm_rewrite_batch_014_rows_0391_0420.jsonl,29,419,"A photodiode has quantum efficiency 0.718 and operates at 1138.9 nm. If it receives 3.265 mW of optical power, what is the photocurrent?","A photodiode has quantum efficiency 0.718 and operates at 1138.9 nm. If it receives 3.265 mW of optical power, what is the photocurrent?",APPLIED,1,False
014,data/curation/rewrite_batches/firm_rewrite_batch_014_rows_0391_0420.jsonl,30,420,"A photodiode has quantum efficiency 0.675 and operates at 1513.4 nm. If it receives 4.822 mW of optical power, what is the photocurrent?","A photodiode has quantum efficiency 0.675 and operates at 1513.4 nm. If it receives 4.822 mW of optical power, what is the photocurrent?",APPLIED,1,False
015,data/curation/rewrite_batches/firm_rewrite_batch_015_semiconductor_math_modeling.jsonl,1,421,Calculate the built‑in potential of a silicon p‑n junction with N_A = 2.7e+17 cm⁻³ and N_D = 1.6e+15 cm⁻³ at 300 K.,"Calculate the built-in potential of a silicon p-n junction with N_A = 2.7e17 cm^-3 and N_D = 1.6e15 cm^-3 at 300 K, and explain why this matters for detector modeling.",APPLIED,1,False
015,data/curation/rewrite_batches/firm_rewrite_batch_015_semiconductor_math_modeling.jsonl,2,422,Calculate the built‑in potential of a silicon p‑n junction with N_A = 5.5e+15 cm⁻³ and N_D = 2.0e+15 cm⁻³ at 300 K.,Calculate the built-in potential of a silicon p-n junction with N_A = 5.5e15 cm^-3 and N_D = 2.0e15 cm^-3 at 300 K.,APPLIED,1,False
015,data/curation/rewrite_batches/firm_rewrite_batch_015_semiconductor_math_modeling.jsonl,3,423,Calculate the built‑in potential of a silicon p‑n junction with N_A = 4.0e+15 cm⁻³ and N_D = 3.4e+15 cm⁻³ at 300 K.,Calculate the built-in potential of a silicon p-n junction with N_A = 4.0e15 cm^-3 and N_D = 3.4e15 cm^-3 at 300 K.,APPLIED,1,False
015,data/curation/rewrite_batches/firm_rewrite_batch_015_semiconductor_math_modeling.jsonl,4,424,Calculate the built‑in potential of a silicon p‑n junction with N_A = 3.2e+15 cm⁻³ and N_D = 5.3e+16 cm⁻³ at 300 K.,Calculate the built-in potential of a silicon p-n junction with N_A = 3.2e15 cm^-3 and N_D = 5.3e16 cm^-3 at 300 K.,APPLIED,1,False
015,data/curation/rewrite_batches/firm_rewrite_batch_015_semiconductor_math_modeling.jsonl,5,425,Calculate the built‑in potential of a silicon p‑n junction with N_A = 8.8e+17 cm⁻³ and N_D = 1.1e+15 cm⁻³ at 300 K.,Calculate the built-in potential of a silicon p-n junction with N_A = 8.8e17 cm^-3 and N_D = 1.1e15 cm^-3 at 300 K.,APPLIED,1,False
015,data/curation/rewrite_batches/firm_rewrite_batch_015_semiconductor_math_modeling.jsonl,6,426,Explain why heavy doping reduces minority carrier lifetime.,Explain why heavy doping can reduce minority-carrier lifetime in infrared detector materials.,APPLIED,1,False
015,data/curation/rewrite_batches/firm_rewrite_batch_015_semiconductor_math_modeling.jsonl,7,427,Discuss the difference between direct and indirect bandgap semiconductors.,Discuss the difference between direct and indirect bandgap semiconductors and why it matters for photodetectors.,APPLIED,1,False
015,data/curation/rewrite_batches/firm_rewrite_batch_015_semiconductor_math_modeling.jsonl,8,428,Why is compensation doping used?,Why is compensation doping used in semiconductor detector materials?,APPLIED,1,False
015,data/curation/rewrite_batches/firm_rewrite_batch_015_semiconductor_math_modeling.jsonl,9,429,Describe the effect of temperature on carrier mobility.,Describe the effect of temperature on carrier mobility in infrared detector materials.,APPLIED,1,False
015,data/curation/rewrite_batches/firm_rewrite_batch_015_semiconductor_math_modeling.jsonl,10,430,Explain why wide bandgap semiconductors are useful for high‑power electronics.,Explain why wide-bandgap semiconductors are useful for high-power electronics and contrast this with infrared detector materials.,APPLIED,1,False
015,data/curation/rewrite_batches/firm_rewrite_batch_015_semiconductor_math_modeling.jsonl,11,431,Define the Laplacian operator.,Define the Laplacian operator and explain where it appears in detector modeling.,APPLIED,1,False
015,data/curation/rewrite_batches/firm_rewrite_batch_015_semiconductor_math_modeling.jsonl,12,432,What is Poisson’s equation?,What is Poisson's equation and why is it central to photodetector modeling?,APPLIED,1,False
015,data/curation/rewrite_batches/firm_rewrite_batch_015_semiconductor_math_modeling.jsonl,13,433,Define a Green’s function in the context of differential equations.,Define a Green's function and explain how it is useful in detector physics.,APPLIED,1,False
015,data/curation/rewrite_batches/firm_rewrite_batch_015_semiconductor_math_modeling.jsonl,14,434,What is the heat equation?,What is the heat equation and how is it used in infrared detector thermal modeling?,APPLIED,1,False
015,data/curation/rewrite_batches/firm_rewrite_batch_015_semiconductor_math_modeling.jsonl,15,435,Define eigenvalues and eigenvectors.,Define eigenvalues and eigenvectors in the context of detector modeling.,APPLIED,1,False
015,data/curation/rewrite_batches/firm_rewrite_batch_015_semiconductor_math_modeling.jsonl,16,436,State the one‑dimensional wave equation.,State the one-dimensional wave equation and relate it to optical or acoustic effects in detector systems.,APPLIED,1,False
015,data/curation/rewrite_batches/firm_rewrite_batch_015_semiconductor_math_modeling.jsonl,17,437,Write the Schrödinger equation for a free particle.,Write the Schrodinger equation for a free particle and explain its connection to semiconductor detector physics.,APPLIED,1,False
015,data/curation/rewrite_batches/firm_rewrite_batch_015_semiconductor_math_modeling.jsonl,18,438,Give the Fourier series representation of a periodic function f(x).,Give the Fourier series representation of a periodic function and relate it to detector signal analysis.,APPLIED,1,False
015,data/curation/rewrite_batches/firm_rewrite_batch_015_semiconductor_math_modeling.jsonl,19,439,Write the expression for the divergence theorem.,Write the divergence theorem and explain why it matters in detector PDE modeling.,APPLIED,1,False
015,data/curation/rewrite_batches/firm_rewrite_batch_015_semiconductor_math_modeling.jsonl,20,440,State Gauss’s law in differential form.,State Gauss's law in differential form and connect it to photodetector electrostatics.,APPLIED,1,False
015,data/curation/rewrite_batches/firm_rewrite_batch_015_semiconductor_math_modeling.jsonl,21,441,Solve the quadratic equation 3x² + 6x + -7 = 0 and provide its roots.,Solve the quadratic equation 3x^2 + 6x - 7 = 0 and explain the discriminant method.,APPLIED,1,False
015,data/curation/rewrite_batches/firm_rewrite_batch_015_semiconductor_math_modeling.jsonl,22,442,Solve the quadratic equation 1x² + 2x + -2 = 0 and provide its roots.,Solve the quadratic equation x^2 + 2x - 2 = 0 and provide its roots.,APPLIED,1,False
015,data/curation/rewrite_batches/firm_rewrite_batch_015_semiconductor_math_modeling.jsonl,23,443,Solve the quadratic equation 1x² + 2x + 9 = 0 and provide its roots.,Solve the quadratic equation x^2 + 2x + 9 = 0 and provide its roots.,APPLIED,1,False
015,data/curation/rewrite_batches/firm_rewrite_batch_015_semiconductor_math_modeling.jsonl,24,444,Solve the quadratic equation 3x² + 6x + 1 = 0 and provide its roots.,Solve the quadratic equation 3x^2 + 6x + 1 = 0 and provide its roots.,APPLIED,1,False
015,data/curation/rewrite_batches/firm_rewrite_batch_015_semiconductor_math_modeling.jsonl,25,445,Solve the quadratic equation 2x² + 4x + -1 = 0 and provide its roots.,Solve the quadratic equation 2x^2 + 4x - 1 = 0 and provide its roots.,APPLIED,1,False
015,data/curation/rewrite_batches/firm_rewrite_batch_015_semiconductor_math_modeling.jsonl,26,446,Solve the quadratic equation 3x² + 6x + -4 = 0 and provide its roots.,Solve the quadratic equation 3x^2 + 6x - 4 = 0 and provide its roots.,APPLIED,1,False
015,data/curation/rewrite_batches/firm_rewrite_batch_015_semiconductor_math_modeling.jsonl,27,447,Derive the solution to the one‑dimensional heat equation with Dirichlet boundary conditions.,Derive the modal solution to the one-dimensional heat equation with Dirichlet boundary conditions and relate it to detector cooldown.,APPLIED,1,False
015,data/curation/rewrite_batches/firm_rewrite_batch_015_semiconductor_math_modeling.jsonl,28,448,Derive the expression for the electric potential in a parallel‑plate capacitor using Laplace’s equation.,Derive the electric potential in a parallel-plate capacitor using Laplace's equation and connect it to detector fields.,APPLIED,1,False
015,data/curation/rewrite_batches/firm_rewrite_batch_015_semiconductor_math_modeling.jsonl,29,449,Derive the Green’s function for the 1D Poisson equation with Dirichlet boundary conditions.,Derive the Green's function for the 1D Poisson equation with Dirichlet boundary conditions and explain the detector-modeling use.,APPLIED,1,False
015,data/curation/rewrite_batches/firm_rewrite_batch_015_semiconductor_math_modeling.jsonl,30,450,Derive the Fourier transform of a Gaussian function.,Derive the Fourier transform of a Gaussian and explain why Gaussian transforms matter in detector analysis.,APPLIED,1,False
015b,data/curation/rewrite_batches/firm_rewrite_batch_015b_identity_scope_cleanup.jsonl,1,421,Do you answer general questions?,Do you answer general questions?,APPLIED,1,False
015b,data/curation/rewrite_batches/firm_rewrite_batch_015b_identity_scope_cleanup.jsonl,2,422,What domains do you cover?,What domains do you cover?,APPLIED,1,False
015b,data/curation/rewrite_batches/firm_rewrite_batch_015b_identity_scope_cleanup.jsonl,3,423,Why do you reject some questions?,Why do you reject some questions?,APPLIED,1,False
015b,data/curation/rewrite_batches/firm_rewrite_batch_015b_identity_scope_cleanup.jsonl,4,424,What is your purpose?,What is your purpose?,APPLIED,1,False
015b,data/curation/rewrite_batches/firm_rewrite_batch_015b_identity_scope_cleanup.jsonl,5,425,Can you help with science homework?,Can you help with science homework?,APPLIED,1,False
015b,data/curation/rewrite_batches/firm_rewrite_batch_015b_identity_scope_cleanup.jsonl,6,426,Are you an expert in physics?,Are you an expert in physics?,APPLIED,1,False
015b,data/curation/rewrite_batches/firm_rewrite_batch_015b_identity_scope_cleanup.jsonl,7,427,Are you creative?,Are you creative?,APPLIED,1,False
015b,data/curation/rewrite_batches/firm_rewrite_batch_015b_identity_scope_cleanup.jsonl,8,428,What are your limitations?,What are your limitations?,APPLIED,1,False
015b,data/curation/rewrite_batches/firm_rewrite_batch_015b_identity_scope_cleanup.jsonl,9,429,Can you write stories?,Can you write stories?,APPLIED,1,False
015b,data/curation/rewrite_batches/firm_rewrite_batch_015b_identity_scope_cleanup.jsonl,10,430,What kind of assistant are you?,What kind of assistant are you?,APPLIED,1,False
015b,data/curation/rewrite_batches/firm_rewrite_batch_015b_identity_scope_cleanup.jsonl,11,431,What are your strengths?,What are your strengths?,APPLIED,1,False
015b,data/curation/rewrite_batches/firm_rewrite_batch_015b_identity_scope_cleanup.jsonl,12,432,Can you answer entertainment questions?,Can you answer entertainment questions?,APPLIED,1,False
015b,data/curation/rewrite_batches/firm_rewrite_batch_015b_identity_scope_cleanup.jsonl,13,433,Are you like ChatGPT?,Are you like ChatGPT?,APPLIED,1,False
015b,data/curation/rewrite_batches/firm_rewrite_batch_015b_identity_scope_cleanup.jsonl,14,434,What makes you different from a general assistant?,What makes you different from a general assistant?,APPLIED,1,False
015b,data/curation/rewrite_batches/firm_rewrite_batch_015b_identity_scope_cleanup.jsonl,15,435,Can I ask about history or literature?,Can I ask about history or literature?,APPLIED,1,False
015b,data/curation/rewrite_batches/firm_rewrite_batch_015b_identity_scope_cleanup.jsonl,16,436,What topics are outside your scope?,What topics are outside your scope?,APPLIED,1,False
015b,data/curation/rewrite_batches/firm_rewrite_batch_015b_identity_scope_cleanup.jsonl,17,437,Can you help with coding?,Can you help with coding?,APPLIED,1,False
015b,data/curation/rewrite_batches/firm_rewrite_batch_015b_identity_scope_cleanup.jsonl,18,438,Do you understand electrical engineering?,Do you understand electrical engineering?,APPLIED,1,False
015b,data/curation/rewrite_batches/firm_rewrite_batch_015b_identity_scope_cleanup.jsonl,19,439,Are you suitable for high-level research?,Are you suitable for high-level research?,APPLIED,1,False
015b,data/curation/rewrite_batches/firm_rewrite_batch_015b_identity_scope_cleanup.jsonl,20,440,Can you explain equations?,Can you explain equations?,APPLIED,1,False
015b,data/curation/rewrite_batches/firm_rewrite_batch_015b_identity_scope_cleanup.jsonl,21,441,What datasets were you trained on?,What datasets were you trained on?,APPLIED,1,False
015b,data/curation/rewrite_batches/firm_rewrite_batch_015b_identity_scope_cleanup.jsonl,22,442,Are you knowledgeable about test equipment?,Are you knowledgeable about test equipment?,APPLIED,1,False
015b,data/curation/rewrite_batches/firm_rewrite_batch_015b_identity_scope_cleanup.jsonl,23,443,Can you answer questions about optics labs?,Can you answer questions about optics labs?,APPLIED,1,False
015b,data/curation/rewrite_batches/firm_rewrite_batch_015b_identity_scope_cleanup.jsonl,24,444,Why don’t you respond to jokes?,Why don’t you respond to jokes?,APPLIED,1,False
015b,data/curation/rewrite_batches/firm_rewrite_batch_015b_identity_scope_cleanup.jsonl,25,445,Can you explain physical principles?,Can you explain physical principles?,APPLIED,1,False
015b,data/curation/rewrite_batches/firm_rewrite_batch_015b_identity_scope_cleanup.jsonl,26,446,Do you provide emotional support?,Do you provide emotional support?,APPLIED,1,False
015b,data/curation/rewrite_batches/firm_rewrite_batch_015b_identity_scope_cleanup.jsonl,27,447,What is your main focus?,What is your main focus?,APPLIED,1,False
015b,data/curation/rewrite_batches/firm_rewrite_batch_015b_identity_scope_cleanup.jsonl,28,448,Can you solve physics problems?,Can you solve physics problems?,APPLIED,1,False
015b,data/curation/rewrite_batches/firm_rewrite_batch_015b_identity_scope_cleanup.jsonl,29,449,How should I use you?,How should I use you?,APPLIED,1,False
016,data/curation/rewrite_batches/firm_rewrite_batch_016_materials_and_dopant_ionization.jsonl,1,451,Explain why HgCdTe is tunable across infrared wavelengths.,Explain why HgCdTe is tunable across infrared wavelengths and why that tunability creates detector tradeoffs.,APPLIED,1,False
016,data/curation/rewrite_batches/firm_rewrite_batch_016_materials_and_dopant_ionization.jsonl,2,452,Why are III‑V materials suitable for optoelectronic devices?,Why are III-V materials suitable for optoelectronic devices and how do they compare with HgCdTe detector materials?,APPLIED,1,False
016,data/curation/rewrite_batches/firm_rewrite_batch_016_materials_and_dopant_ionization.jsonl,3,453,Discuss the advantages of perovskite solar cells.,Discuss perovskite solar cells from a photodetector-material perspective.,APPLIED,1,False
016,data/curation/rewrite_batches/firm_rewrite_batch_016_materials_and_dopant_ionization.jsonl,4,454,What are the challenges of using HgCdTe for large‑format focal plane arrays?,What are the challenges of using HgCdTe for large-format focal plane arrays?,APPLIED,1,False
016,data/curation/rewrite_batches/firm_rewrite_batch_016_materials_and_dopant_ionization.jsonl,5,455,Explain why InGaAs detectors are used for short‑wave infrared detection.,Explain why InGaAs detectors are used for short-wave infrared detection.,APPLIED,1,False
016,data/curation/rewrite_batches/firm_rewrite_batch_016_materials_and_dopant_ionization.jsonl,6,456,"For a dopant activation energy of 0.048 eV at 357.3 K, estimate the fraction of dopants ionized.","For a dopant activation energy of 0.048 eV at 357.3 K, estimate the fraction of dopants ionized and state the model assumptions.",APPLIED,1,False
016,data/curation/rewrite_batches/firm_rewrite_batch_016_materials_and_dopant_ionization.jsonl,7,457,"For a dopant activation energy of 0.045 eV at 234.6 K, estimate the fraction of dopants ionized.","For a dopant activation energy of 0.045 eV at 234.6 K, estimate the fraction of dopants ionized and interpret the result for detector materials.",APPLIED,1,False
016,data/curation/rewrite_batches/firm_rewrite_batch_016_materials_and_dopant_ionization.jsonl,8,458,"For a dopant activation energy of 0.013 eV at 320.1 K, estimate the fraction of dopants ionized.","For a dopant activation energy of 0.013 eV at 320.1 K, estimate the fraction of dopants ionized.",APPLIED,1,False
016,data/curation/rewrite_batches/firm_rewrite_batch_016_materials_and_dopant_ionization.jsonl,9,459,"For a dopant activation energy of 0.017 eV at 346.7 K, estimate the fraction of dopants ionized.","For a dopant activation energy of 0.017 eV at 346.7 K, estimate the fraction of dopants ionized.",APPLIED,1,False
016,data/curation/rewrite_batches/firm_rewrite_batch_016_materials_and_dopant_ionization.jsonl,10,460,"For a dopant activation energy of 0.026 eV at 305.6 K, estimate the fraction of dopants ionized.","For a dopant activation energy of 0.026 eV at 305.6 K, estimate the fraction of dopants ionized.",APPLIED,1,False
016,data/curation/rewrite_batches/firm_rewrite_batch_016_materials_and_dopant_ionization.jsonl,11,461,"For a dopant activation energy of 0.048 eV at 304.3 K, estimate the fraction of dopants ionized.","For a dopant activation energy of 0.048 eV at 304.3 K, estimate the fraction of dopants ionized.",APPLIED,1,False
016,data/curation/rewrite_batches/firm_rewrite_batch_016_materials_and_dopant_ionization.jsonl,12,462,"For a dopant activation energy of 0.014 eV at 231.6 K, estimate the fraction of dopants ionized.","For a dopant activation energy of 0.014 eV at 231.6 K, estimate the fraction of dopants ionized.",APPLIED,1,False
016,data/curation/rewrite_batches/firm_rewrite_batch_016_materials_and_dopant_ionization.jsonl,13,463,"For a dopant activation energy of 0.032 eV at 304.9 K, estimate the fraction of dopants ionized.","For a dopant activation energy of 0.032 eV at 304.9 K, estimate the fraction of dopants ionized.",APPLIED,1,False
016,data/curation/rewrite_batches/firm_rewrite_batch_016_materials_and_dopant_ionization.jsonl,14,464,"For a dopant activation energy of 0.036 eV at 280.3 K, estimate the fraction of dopants ionized.","For a dopant activation energy of 0.036 eV at 280.3 K, estimate the fraction of dopants ionized.",APPLIED,1,False
016,data/curation/rewrite_batches/firm_rewrite_batch_016_materials_and_dopant_ionization.jsonl,15,465,"For a dopant activation energy of 0.036 eV at 279.4 K, estimate the fraction of dopants ionized.","For a dopant activation energy of 0.036 eV at 279.4 K, estimate the fraction of dopants ionized.",APPLIED,1,False
016,data/curation/rewrite_batches/firm_rewrite_batch_016_materials_and_dopant_ionization.jsonl,16,466,"For a dopant activation energy of 0.035 eV at 353.5 K, estimate the fraction of dopants ionized.","For a dopant activation energy of 0.035 eV at 353.5 K, estimate the fraction of dopants ionized.",APPLIED,1,False
016,data/curation/rewrite_batches/firm_rewrite_batch_016_materials_and_dopant_ionization.jsonl,17,467,"For a dopant activation energy of 0.017 eV at 275.1 K, estimate the fraction of dopants ionized.","For a dopant activation energy of 0.017 eV at 275.1 K, estimate the fraction of dopants ionized.",APPLIED,1,False
016,data/curation/rewrite_batches/firm_rewrite_batch_016_materials_and_dopant_ionization.jsonl,18,468,"For a dopant activation energy of 0.03 eV at 337.3 K, estimate the fraction of dopants ionized.","For a dopant activation energy of 0.030 eV at 337.3 K, estimate the fraction of dopants ionized.",APPLIED,1,False
016,data/curation/rewrite_batches/firm_rewrite_batch_016_materials_and_dopant_ionization.jsonl,19,469,"For a dopant activation energy of 0.02 eV at 310.9 K, estimate the fraction of dopants ionized.","For a dopant activation energy of 0.020 eV at 310.9 K, estimate the fraction of dopants ionized.",APPLIED,1,False
016,data/curation/rewrite_batches/firm_rewrite_batch_016_materials_and_dopant_ionization.jsonl,20,470,"For a dopant activation energy of 0.035 eV at 379.1 K, estimate the fraction of dopants ionized.","For a dopant activation energy of 0.035 eV at 379.1 K, estimate the fraction of dopants ionized.",APPLIED,1,False
016,data/curation/rewrite_batches/firm_rewrite_batch_016_materials_and_dopant_ionization.jsonl,21,471,"For a dopant activation energy of 0.025 eV at 327.5 K, estimate the fraction of dopants ionized.","For a dopant activation energy of 0.025 eV at 327.5 K, estimate the fraction of dopants ionized.",APPLIED,1,False
016,data/curation/rewrite_batches/firm_rewrite_batch_016_materials_and_dopant_ionization.jsonl,22,472,"For a dopant activation energy of 0.018 eV at 299.6 K, estimate the fraction of dopants ionized.","For a dopant activation energy of 0.018 eV at 299.6 K, estimate the fraction of dopants ionized.",APPLIED,1,False
016,data/curation/rewrite_batches/firm_rewrite_batch_016_materials_and_dopant_ionization.jsonl,23,473,"For a dopant activation energy of 0.017 eV at 383.7 K, estimate the fraction of dopants ionized.","For a dopant activation energy of 0.017 eV at 383.7 K, estimate the fraction of dopants ionized.",APPLIED,1,False
016,data/curation/rewrite_batches/firm_rewrite_batch_016_materials_and_dopant_ionization.jsonl,24,474,"For a dopant activation energy of 0.027 eV at 366.0 K, estimate the fraction of dopants ionized.","For a dopant activation energy of 0.027 eV at 366.0 K, estimate the fraction of dopants ionized.",APPLIED,1,False
016,data/curation/rewrite_batches/firm_rewrite_batch_016_materials_and_dopant_ionization.jsonl,25,475,"For a dopant activation energy of 0.027 eV at 380.9 K, estimate the fraction of dopants ionized.","For a dopant activation energy of 0.027 eV at 380.9 K, estimate the fraction of dopants ionized.",APPLIED,1,False
016,data/curation/rewrite_batches/firm_rewrite_batch_016_materials_and_dopant_ionization.jsonl,26,476,"For a dopant activation energy of 0.026 eV at 266.2 K, estimate the fraction of dopants ionized.","For a dopant activation energy of 0.026 eV at 266.2 K, estimate the fraction of dopants ionized.",APPLIED,1,False
016,data/curation/rewrite_batches/firm_rewrite_batch_016_materials_and_dopant_ionization.jsonl,27,477,"For a dopant activation energy of 0.033 eV at 369.1 K, estimate the fraction of dopants ionized.","For a dopant activation energy of 0.033 eV at 369.1 K, estimate the fraction of dopants ionized.",APPLIED,1,False
016,data/curation/rewrite_batches/firm_rewrite_batch_016_materials_and_dopant_ionization.jsonl,28,478,"For a dopant activation energy of 0.044 eV at 319.1 K, estimate the fraction of dopants ionized.","For a dopant activation energy of 0.044 eV at 319.1 K, estimate the fraction of dopants ionized.",APPLIED,1,False
016,data/curation/rewrite_batches/firm_rewrite_batch_016_materials_and_dopant_ionization.jsonl,29,479,"For a dopant activation energy of 0.013 eV at 319.5 K, estimate the fraction of dopants ionized.","For a dopant activation energy of 0.013 eV at 319.5 K, estimate the fraction of dopants ionized.",APPLIED,1,False
016,data/curation/rewrite_batches/firm_rewrite_batch_016_materials_and_dopant_ionization.jsonl,30,480,"For a dopant activation energy of 0.02 eV at 346.5 K, estimate the fraction of dopants ionized.","For a dopant activation energy of 0.020 eV at 346.5 K, estimate the fraction of dopants ionized.",APPLIED,1,False
